#X,CH1,CH2,CH3,CH4,Start,Increment,
#Sequence,Volt,Volt,Volt,Volt,-1.204000e-02,2.000000e-05
0,-8.00e-01,2.80e+00,-1.80e+00,3.40e+00,
1,-6.00e-01,3.00e+00,-1.40e+00,3.80e+00,
2,-6.00e-01,2.80e+00,-1.40e+00,3.60e+00,
3,-1.20e+00,3.20e+00,-1.80e+00,3.40e+00,
4,-6.00e-01,2.80e+00,-1.40e+00,3.40e+00,
5,-1.20e+00,3.20e+00,-1.80e+00,3.60e+00,
6,-1.00e+00,2.80e+00,-1.40e+00,3.40e+00,
7,-1.20e+00,3.20e+00,-1.60e+00,3.60e+00,
8,-1.00e+00,2.80e+00,-1.40e+00,3.40e+00,
9,-1.20e+00,3.20e+00,-1.60e+00,3.60e+00,
10,-1.00e+00,2.80e+00,-1.40e+00,3.40e+00,
11,-1.20e+00,3.20e+00,-1.60e+00,3.60e+00,
12,-1.00e+00,2.80e+00,-1.60e+00,3.40e+00,
13,-1.20e+00,3.20e+00,-1.40e+00,3.60e+00,
14,-1.00e+00,2.80e+00,-1.60e+00,3.40e+00,
15,-1.40e+00,3.20e+00,-1.00e+00,3.60e+00,
16,-1.40e+00,3.20e+00,-1.00e+00,3.40e+00,
17,-1.00e+00,2.80e+00,-1.60e+00,3.60e+00,
18,-1.00e+00,2.80e+00,-1.00e+00,3.40e+00,
19,-1.40e+00,3.20e+00,-1.60e+00,3.60e+00,
20,-1.40e+00,3.20e+00,-1.20e+00,3.60e+00,
21,-1.20e+00,2.80e+00,-1.00e+00,3.40e+00,
22,-1.20e+00,2.80e+00,-1.20e+00,3.40e+00,
23,-1.40e+00,3.20e+00,-1.00e+00,3.60e+00,
24,-1.20e+00,2.80e+00,-1.20e+00,3.40e+00,
25,-1.40e+00,3.20e+00,-1.00e+00,3.60e+00,
26,-1.40e+00,2.80e+00,-1.20e+00,3.40e+00,
27,-1.20e+00,3.20e+00,-1.00e+00,3.60e+00,
28,-1.20e+00,2.80e+00,-1.20e+00,3.40e+00,
29,-1.60e+00,3.20e+00,-8.00e-01,3.60e+00,
30,-1.60e+00,2.80e+00,-1.20e+00,3.40e+00,
31,-1.20e+00,3.20e+00,-8.00e-01,3.60e+00,
32,-1.20e+00,2.80e+00,-1.20e+00,3.40e+00,
33,-1.60e+00,3.20e+00,-8.00e-01,3.60e+00,
34,-1.40e+00,3.20e+00,-1.00e+00,3.40e+00,
35,-1.60e+00,2.80e+00,-8.00e-01,3.60e+00,
36,-1.40e+00,2.80e+00,-8.00e-01,3.40e+00,
37,-1.60e+00,3.20e+00,-1.00e+00,3.60e+00,
38,-1.60e+00,2.80e+00,-1.00e+00,3.40e+00,
39,-1.40e+00,3.20e+00,-8.00e-01,3.60e+00,
40,-1.60e+00,2.80e+00,-1.00e+00,3.60e+00,
41,-1.40e+00,3.20e+00,-8.00e-01,3.40e+00,
42,-1.40e+00,2.80e+00,-1.00e+00,3.40e+00,
43,-1.80e+00,3.20e+00,-6.00e-01,3.60e+00,
44,-1.80e+00,2.80e+00,-6.00e-01,3.40e+00,
45,-1.40e+00,3.00e+00,-1.00e+00,3.60e+00,
46,-1.80e+00,2.80e+00,-1.00e+00,3.40e+00,
47,-1.40e+00,3.00e+00,-6.00e-01,3.60e+00,
48,-1.80e+00,2.80e+00,-8.00e-01,3.40e+00,
49,-1.60e+00,3.00e+00,-6.00e-01,3.60e+00,
50,-1.80e+00,2.80e+00,-8.00e-01,3.40e+00,
51,-1.60e+00,3.00e+00,-6.00e-01,3.60e+00,
52,-1.80e+00,2.80e+00,-8.00e-01,3.40e+00,
53,-1.60e+00,3.00e+00,-6.00e-01,3.60e+00,
54,-1.60e+00,3.00e+00,-8.00e-01,3.40e+00,
55,-1.80e+00,2.80e+00,-6.00e-01,3.60e+00,
56,-1.60e+00,2.80e+00,-8.00e-01,3.40e+00,
57,-1.80e+00,3.00e+00,-4.00e-01,3.60e+00,
58,-1.60e+00,2.80e+00,-4.00e-01,3.40e+00,
59,-2.20e+00,3.00e+00,-8.00e-01,3.60e+00,
60,-2.20e+00,2.80e+00,-4.00e-01,3.40e+00,
61,-1.60e+00,3.00e+00,-6.00e-01,3.60e+00,
62,-2.20e+00,2.80e+00,-6.00e-01,3.60e+00,
63,-1.60e+00,3.00e+00,-4.00e-01,3.40e+00,
64,-1.80e+00,2.80e+00,-4.00e-01,3.40e+00,
65,-2.20e+00,3.00e+00,-6.00e-01,3.60e+00,
66,-2.20e+00,2.80e+00,-4.00e-01,3.40e+00,
67,-1.80e+00,3.00e+00,-6.00e-01,3.60e+00,
68,-2.00e+00,2.80e+00,-6.00e-01,3.60e+00,
69,-2.20e+00,3.00e+00,0.00e+00,3.40e+00,
70,-2.00e+00,2.80e+00,-6.00e-01,3.40e+00,
71,-2.20e+00,3.00e+00,0.00e+00,3.60e+00,
72,-2.00e+00,2.80e+00,-6.00e-01,3.60e+00,
73,-2.20e+00,3.00e+00,0.00e+00,3.40e+00,
74,-2.00e+00,3.00e+00,-2.00e-01,3.60e+00,
75,-2.20e+00,2.40e+00,0.00e+00,3.40e+00,
76,-2.00e+00,3.00e+00,-2.00e-01,3.40e+00,
77,-2.40e+00,2.40e+00,0.00e+00,3.60e+00,
78,-2.00e+00,2.40e+00,-2.00e-01,3.40e+00,
79,-2.40e+00,3.00e+00,0.00e+00,3.60e+00,
80,-2.00e+00,2.40e+00,-2.00e-01,3.60e+00,
81,-2.40e+00,3.00e+00,2.00e-01,3.40e+00,
82,-2.00e+00,2.40e+00,2.00e-01,3.40e+00,
83,-2.40e+00,3.00e+00,-2.00e-01,3.60e+00,
84,-2.20e+00,2.40e+00,-2.00e-01,3.40e+00,
85,-2.40e+00,3.00e+00,2.00e-01,3.60e+00,
86,-2.20e+00,2.40e+00,0.00e+00,3.40e+00,
87,-2.40e+00,3.00e+00,2.00e-01,3.60e+00,
88,-2.20e+00,2.40e+00,0.00e+00,3.40e+00,
89,-2.40e+00,2.80e+00,2.00e-01,3.60e+00,
90,-2.20e+00,2.60e+00,0.00e+00,3.40e+00,
91,-2.40e+00,2.40e+00,2.00e-01,3.60e+00,
92,-2.20e+00,2.60e+00,0.00e+00,3.40e+00,
93,-2.40e+00,2.40e+00,4.00e-01,3.60e+00,
94,-2.20e+00,2.60e+00,0.00e+00,3.40e+00,
95,-2.40e+00,2.40e+00,4.00e-01,3.60e+00,
96,-2.20e+00,2.60e+00,0.00e+00,3.40e+00,
97,-2.60e+00,2.40e+00,4.00e-01,3.60e+00,
98,-2.60e+00,2.60e+00,4.00e-01,3.60e+00,
99,-2.20e+00,2.40e+00,2.00e-01,3.40e+00,
100,-2.20e+00,2.60e+00,2.00e-01,3.40e+00,
101,-2.60e+00,2.40e+00,4.00e-01,3.60e+00,
102,-2.60e+00,2.60e+00,4.00e-01,3.40e+00,
103,-2.20e+00,2.40e+00,2.00e-01,3.60e+00,
104,-2.60e+00,2.60e+00,2.00e-01,3.40e+00,
105,-2.20e+00,2.20e+00,6.00e-01,3.60e+00,
106,-2.60e+00,2.60e+00,6.00e-01,3.40e+00,
107,-2.40e+00,2.20e+00,2.00e-01,3.60e+00,
108,-2.60e+00,2.60e+00,2.00e-01,3.60e+00,
109,-2.40e+00,2.20e+00,6.00e-01,3.40e+00,
110,-2.60e+00,2.60e+00,4.00e-01,3.60e+00,
111,-2.40e+00,2.20e+00,6.00e-01,3.40e+00,
112,-2.60e+00,2.60e+00,6.00e-01,3.40e+00,
113,-2.40e+00,2.20e+00,4.00e-01,3.60e+00,
114,-2.40e+00,2.20e+00,4.00e-01,3.60e+00,
115,-2.60e+00,2.60e+00,6.00e-01,3.40e+00,
116,-2.60e+00,2.20e+00,4.00e-01,3.40e+00,
117,-2.40e+00,2.40e+00,8.00e-01,3.60e+00,
118,-2.60e+00,2.40e+00,8.00e-01,3.60e+00,
119,-2.40e+00,2.20e+00,4.00e-01,3.40e+00,
120,-2.60e+00,2.40e+00,8.00e-01,3.60e+00,
121,-2.40e+00,2.20e+00,4.00e-01,3.40e+00,
122,-2.40e+00,2.40e+00,8.00e-01,3.40e+00,
123,-2.80e+00,2.20e+00,6.00e-01,3.60e+00,
124,-2.40e+00,2.40e+00,8.00e-01,3.40e+00,
125,-2.80e+00,2.00e+00,6.00e-01,3.60e+00,
126,-2.80e+00,2.40e+00,8.00e-01,3.60e+00,
127,-2.40e+00,2.00e+00,6.00e-01,3.40e+00,
128,-2.80e+00,2.00e+00,6.00e-01,3.40e+00,
129,-2.40e+00,2.40e+00,1.00e+00,3.60e+00,
130,-2.40e+00,2.40e+00,6.00e-01,3.40e+00,
131,-2.80e+00,2.00e+00,1.20e+00,3.60e+00,
132,-2.80e+00,2.00e+00,1.20e+00,3.40e+00,
133,-2.40e+00,2.40e+00,6.00e-01,3.60e+00,
134,-2.80e+00,2.20e+00,1.00e+00,3.40e+00,
135,-2.60e+00,2.00e+00,1.20e+00,3.60e+00,
136,-2.80e+00,2.00e+00,1.00e+00,3.40e+00,
137,-2.60e+00,2.20e+00,1.20e+00,3.60e+00,
138,-2.80e+00,2.00e+00,1.00e+00,3.40e+00,
139,-2.60e+00,2.20e+00,1.20e+00,3.60e+00,
140,-2.80e+00,2.20e+00,1.00e+00,3.40e+00,
141,-2.40e+00,2.00e+00,1.40e+00,3.60e+00,
142,-2.80e+00,2.20e+00,1.00e+00,3.40e+00,
143,-2.60e+00,1.80e+00,1.40e+00,3.60e+00,
144,-2.80e+00,1.80e+00,1.00e+00,3.40e+00,
145,-2.60e+00,2.20e+00,1.40e+00,3.60e+00,
146,-2.80e+00,2.20e+00,1.40e+00,3.40e+00,
147,-2.60e+00,1.80e+00,1.00e+00,3.60e+00,
148,-2.80e+00,2.20e+00,1.40e+00,3.40e+00,
149,-2.60e+00,1.80e+00,1.20e+00,3.60e+00,
150,-2.80e+00,1.80e+00,1.20e+00,3.60e+00,
151,-2.60e+00,2.00e+00,1.40e+00,3.40e+00,
152,-2.80e+00,1.80e+00,1.20e+00,3.40e+00,
153,-2.60e+00,2.00e+00,1.40e+00,3.60e+00,
154,-2.80e+00,1.80e+00,1.20e+00,3.40e+00,
155,-2.60e+00,2.00e+00,1.60e+00,3.60e+00,
156,-2.80e+00,1.80e+00,1.20e+00,3.60e+00,
157,-2.60e+00,2.00e+00,1.60e+00,3.40e+00,
158,-2.80e+00,2.00e+00,1.20e+00,3.40e+00,
159,-2.60e+00,1.40e+00,1.60e+00,3.60e+00,
160,-2.80e+00,2.00e+00,1.40e+00,3.40e+00,
161,-2.60e+00,1.40e+00,1.60e+00,3.60e+00,
162,-2.60e+00,2.00e+00,1.60e+00,3.40e+00,
163,-2.80e+00,1.40e+00,1.40e+00,3.60e+00,
164,-2.80e+00,1.40e+00,1.60e+00,3.40e+00,
165,-2.60e+00,2.00e+00,1.40e+00,3.80e+00,
166,-2.80e+00,1.40e+00,1.60e+00,3.40e+00,
167,-2.60e+00,1.80e+00,1.40e+00,3.60e+00,
168,-2.80e+00,1.60e+00,1.40e+00,3.40e+00,
169,-2.60e+00,1.40e+00,1.80e+00,3.60e+00,
170,-2.80e+00,1.60e+00,1.80e+00,3.40e+00,
171,-2.60e+00,1.40e+00,1.40e+00,3.80e+00,
172,-2.60e+00,1.60e+00,1.40e+00,3.40e+00,
173,-2.80e+00,1.20e+00,1.80e+00,3.60e+00,
174,-2.80e+00,1.60e+00,1.80e+00,3.40e+00,
175,-2.60e+00,1.20e+00,1.60e+00,3.80e+00,
176,-2.80e+00,1.60e+00,1.80e+00,3.60e+00,
177,-2.60e+00,1.20e+00,1.60e+00,6.00e-01,
178,-2.60e+00,1.20e+00,1.80e+00,8.00e-01,
179,-2.80e+00,1.60e+00,1.60e+00,6.00e-01,
180,-2.80e+00,1.40e+00,1.80e+00,8.00e-01,
181,-2.60e+00,1.20e+00,1.60e+00,6.00e-01,
182,-2.80e+00,1.40e+00,1.60e+00,8.00e-01,
183,-2.60e+00,1.20e+00,2.20e+00,6.00e-01,
184,-2.80e+00,1.40e+00,2.20e+00,8.00e-01,
185,-2.60e+00,1.20e+00,1.60e+00,6.00e-01,
186,-2.80e+00,1.40e+00,2.20e+00,6.00e-01,
187,-2.60e+00,1.00e+00,1.60e+00,8.00e-01,
188,-2.80e+00,1.00e+00,2.20e+00,8.00e-01,
189,-2.60e+00,1.40e+00,2.00e+00,6.00e-01,
190,-2.60e+00,1.40e+00,2.00e+00,6.00e-01,
191,-2.80e+00,1.00e+00,2.20e+00,8.00e-01,
192,-2.80e+00,1.40e+00,2.00e+00,8.00e-01,
193,-2.60e+00,1.00e+00,2.20e+00,6.00e-01,
194,-2.80e+00,1.00e+00,2.00e+00,8.00e-01,
195,-2.60e+00,1.20e+00,2.20e+00,6.00e-01,
196,-2.80e+00,1.20e+00,2.00e+00,8.00e-01,
197,-2.60e+00,1.00e+00,2.20e+00,6.00e-01,
198,-2.80e+00,1.00e+00,2.00e+00,8.00e-01,
199,-2.60e+00,1.20e+00,2.40e+00,6.00e-01,
200,-2.60e+00,1.20e+00,2.00e+00,8.00e-01,
201,-2.80e+00,8.00e-01,2.40e+00,6.00e-01,
202,-2.80e+00,8.00e-01,2.00e+00,8.00e-01,
203,-2.60e+00,1.20e+00,2.40e+00,6.00e-01,
204,-2.60e+00,1.20e+00,2.20e+00,8.00e-01,
205,-2.80e+00,8.00e-01,2.40e+00,6.00e-01,
206,-2.80e+00,8.00e-01,2.20e+00,8.00e-01,
207,-2.60e+00,1.00e+00,2.40e+00,6.00e-01,
208,-2.60e+00,8.00e-01,2.40e+00,8.00e-01,
209,-2.80e+00,1.00e+00,2.20e+00,6.00e-01,
210,-2.80e+00,8.00e-01,2.20e+00,6.00e-01,
211,-2.60e+00,1.00e+00,2.40e+00,8.00e-01,
212,-2.80e+00,1.00e+00,2.20e+00,8.00e-01,
213,-2.60e+00,8.00e-01,2.40e+00,6.00e-01,
214,-2.80e+00,1.00e+00,2.20e+00,6.00e-01,
215,-2.60e+00,6.00e-01,2.60e+00,8.00e-01,
216,-2.80e+00,6.00e-01,2.60e+00,8.00e-01,
217,-2.40e+00,1.00e+00,2.20e+00,6.00e-01,
218,-2.80e+00,6.00e-01,2.60e+00,8.00e-01,
219,-2.40e+00,1.00e+00,2.20e+00,6.00e-01,
220,-2.40e+00,6.00e-01,2.60e+00,6.00e-01,
221,-2.80e+00,8.00e-01,2.20e+00,8.00e-01,
222,-2.80e+00,6.00e-01,2.40e+00,8.00e-01,
223,-2.40e+00,8.00e-01,2.60e+00,6.00e-01,
224,-2.80e+00,6.00e-01,2.60e+00,8.00e-01,
225,-2.40e+00,8.00e-01,2.40e+00,6.00e-01,
226,-2.80e+00,6.00e-01,2.60e+00,8.00e-01,
227,-2.40e+00,2.00e-01,2.40e+00,6.00e-01,
228,-2.80e+00,2.00e-01,2.60e+00,8.00e-01,
229,-2.40e+00,8.00e-01,2.40e+00,6.00e-01,
230,-2.40e+00,8.00e-01,2.60e+00,8.00e-01,
231,-2.60e+00,2.00e-01,2.40e+00,6.00e-01,
232,-2.60e+00,4.00e-01,2.40e+00,6.00e-01,
233,-2.40e+00,2.00e-01,2.60e+00,8.00e-01,
234,-2.40e+00,2.00e-01,2.40e+00,8.00e-01,
235,-2.60e+00,4.00e-01,2.80e+00,6.00e-01,
236,-2.60e+00,4.00e-01,2.80e+00,8.00e-01,
237,-2.40e+00,2.00e-01,2.40e+00,6.00e-01,
238,-2.40e+00,4.00e-01,2.80e+00,8.00e-01,
239,-2.60e+00,0.00e+00,2.40e+00,6.00e-01,
240,-2.60e+00,4.00e-01,2.80e+00,6.00e-01,
241,-2.40e+00,0.00e+00,2.40e+00,8.00e-01,
242,-2.40e+00,4.00e-01,2.80e+00,6.00e-01,
243,-2.60e+00,0.00e+00,2.60e+00,8.00e-01,
244,-2.40e+00,2.00e-01,2.60e+00,8.00e-01,
245,-2.60e+00,0.00e+00,2.80e+00,6.00e-01,
246,-2.60e+00,0.00e+00,2.60e+00,8.00e-01,
247,-2.20e+00,2.00e-01,2.80e+00,6.00e-01,
248,-2.20e+00,2.00e-01,2.80e+00,6.00e-01,
249,-2.60e+00,0.00e+00,2.60e+00,8.00e-01,
250,-2.20e+00,2.00e-01,2.80e+00,8.00e-01,
251,-2.60e+00,-2.00e-01,2.60e+00,6.00e-01,
252,-2.20e+00,-2.00e-01,2.80e+00,8.00e-01,
253,-2.60e+00,2.00e-01,2.60e+00,6.00e-01,
254,-2.60e+00,-2.00e-01,2.80e+00,6.00e-01,
255,-2.20e+00,2.00e-01,2.60e+00,8.00e-01,
256,-2.20e+00,0.00e+00,2.80e+00,8.00e-01,
257,-2.40e+00,-2.00e-01,2.60e+00,6.00e-01,
258,-2.40e+00,0.00e+00,2.60e+00,8.00e-01,
259,-2.20e+00,-2.00e-01,3.00e+00,6.00e-01,
260,-2.20e+00,-2.00e-01,2.60e+00,8.00e-01,
261,-2.40e+00,0.00e+00,3.00e+00,6.00e-01,
262,-2.20e+00,0.00e+00,3.00e+00,8.00e-01,
263,-2.40e+00,-4.00e-01,2.60e+00,6.00e-01,
264,-2.40e+00,-4.00e-01,3.00e+00,8.00e-01,
265,-2.20e+00,0.00e+00,2.60e+00,6.00e-01,
266,-2.20e+00,-4.00e-01,2.60e+00,8.00e-01,
267,-2.40e+00,0.00e+00,3.00e+00,6.00e-01,
268,-2.40e+00,-4.00e-01,3.00e+00,8.00e-01,
269,-2.00e+00,-2.00e-01,3.00e+00,6.00e-01,
270,-2.00e+00,-4.00e-01,3.00e+00,8.00e-01,
271,-2.40e+00,-2.00e-01,3.00e+00,6.00e-01,
272,-2.00e+00,-4.00e-01,3.00e+00,8.00e-01,
273,-2.40e+00,-2.00e-01,3.00e+00,6.00e-01,
274,-2.00e+00,-4.00e-01,3.00e+00,6.00e-01,
275,-2.40e+00,-2.00e-01,2.80e+00,8.00e-01,
276,-2.00e+00,-2.00e-01,3.00e+00,6.00e-01,
277,-2.20e+00,-8.00e-01,2.80e+00,8.00e-01,
278,-2.00e+00,-2.00e-01,3.00e+00,8.00e-01,
279,-2.20e+00,-8.00e-01,3.00e+00,6.00e-01,
280,-2.00e+00,-8.00e-01,3.00e+00,6.00e-01,
281,-2.20e+00,-4.00e-01,3.00e+00,8.00e-01,
282,-2.00e+00,-6.00e-01,3.00e+00,8.00e-01,
283,-2.20e+00,-8.00e-01,3.00e+00,6.00e-01,
284,-2.00e+00,-6.00e-01,3.00e+00,6.00e-01,
285,-2.20e+00,-8.00e-01,2.80e+00,8.00e-01,
286,-2.20e+00,-6.00e-01,3.00e+00,8.00e-01,
287,-1.60e+00,-8.00e-01,2.80e+00,6.00e-01,
288,-2.20e+00,-6.00e-01,3.00e+00,8.00e-01,
289,-1.60e+00,-1.00e+00,3.00e+00,6.00e-01,
290,-1.60e+00,-6.00e-01,3.00e+00,8.00e-01,
291,-2.20e+00,-1.00e+00,3.00e+00,6.00e-01,
292,-2.00e+00,-6.00e-01,3.00e+00,8.00e-01,
293,-1.60e+00,-1.00e+00,3.00e+00,6.00e-01,
294,-1.80e+00,-1.00e+00,3.00e+00,8.00e-01,
295,-1.60e+00,-8.00e-01,2.80e+00,6.00e-01,
296,-1.80e+00,-1.00e+00,3.00e+00,8.00e-01,
297,-1.60e+00,-8.00e-01,2.80e+00,6.00e-01,
298,-1.60e+00,-1.00e+00,3.00e+00,8.00e-01,
299,-1.80e+00,-8.00e-01,2.80e+00,6.00e-01,
300,-1.80e+00,-8.00e-01,3.00e+00,8.00e-01,
301,-1.60e+00,-1.00e+00,3.00e+00,6.00e-01,
302,-1.80e+00,-8.00e-01,3.00e+00,6.00e-01,
303,-1.40e+00,-1.20e+00,3.20e+00,8.00e-01,
304,-1.80e+00,-8.00e-01,3.00e+00,8.00e-01,
305,-1.40e+00,-1.20e+00,3.20e+00,6.00e-01,
306,-1.80e+00,-8.00e-01,3.20e+00,6.00e-01,
307,-1.40e+00,-1.20e+00,2.80e+00,8.00e-01,
308,-1.40e+00,-1.20e+00,3.20e+00,8.00e-01,
309,-1.80e+00,-1.00e+00,2.80e+00,6.00e-01,
310,-1.40e+00,-1.20e+00,2.80e+00,8.00e-01,
311,-1.60e+00,-1.00e+00,3.40e+00,6.00e-01,
312,-1.60e+00,-1.20e+00,3.00e+00,6.00e-01,
313,-1.40e+00,-1.00e+00,3.40e+00,8.00e-01,
314,-1.40e+00,-1.00e+00,3.00e+00,8.00e-01,
315,-1.60e+00,-1.40e+00,3.40e+00,6.00e-01,
316,-1.60e+00,-1.00e+00,3.00e+00,8.00e-01,
317,-1.40e+00,-1.40e+00,3.40e+00,6.00e-01,
318,-1.60e+00,-1.00e+00,2.80e+00,6.00e-01,
319,-1.20e+00,-1.40e+00,3.40e+00,8.00e-01,
320,-1.20e+00,-1.00e+00,3.40e+00,8.00e-01,
321,-1.60e+00,-1.40e+00,2.80e+00,6.00e-01,
322,-1.20e+00,-1.20e+00,3.40e+00,8.00e-01,
323,-1.60e+00,-1.40e+00,2.80e+00,6.00e-01,
324,-1.40e+00,-1.40e+00,3.00e+00,8.00e-01,
325,-1.20e+00,-1.20e+00,3.40e+00,6.00e-01,
326,-1.20e+00,-1.40e+00,3.00e+00,8.00e-01,
327,-1.40e+00,-1.20e+00,3.40e+00,6.00e-01,
328,-1.20e+00,-1.40e+00,3.00e+00,8.00e-01,
329,-1.40e+00,-1.20e+00,3.40e+00,6.00e-01,
330,-1.40e+00,-1.20e+00,3.00e+00,8.00e-01,
331,-1.20e+00,-1.80e+00,2.80e+00,6.00e-01,
332,-1.40e+00,-1.20e+00,3.00e+00,8.00e-01,
333,-1.00e+00,-1.80e+00,2.80e+00,6.00e-01,
334,-1.00e+00,-1.20e+00,3.00e+00,8.00e-01,
335,-1.40e+00,-1.80e+00,3.00e+00,6.00e-01,
336,-1.40e+00,-1.60e+00,3.00e+00,8.00e-01,
337,-1.00e+00,-1.80e+00,3.00e+00,6.00e-01,
338,-1.00e+00,-1.60e+00,3.00e+00,8.00e-01,
339,-1.20e+00,-1.80e+00,3.00e+00,6.00e-01,
340,-1.00e+00,-1.60e+00,3.00e+00,8.00e-01,
341,-1.20e+00,-1.80e+00,3.00e+00,6.00e-01,
342,-1.00e+00,-1.60e+00,3.00e+00,6.00e-01,
343,-1.20e+00,-1.80e+00,2.80e+00,8.00e-01,
344,-1.20e+00,-1.60e+00,3.00e+00,8.00e-01,
345,-6.00e-01,-1.80e+00,2.80e+00,6.00e-01,
346,-1.20e+00,-1.60e+00,3.00e+00,8.00e-01,
347,-6.00e-01,-2.00e+00,3.00e+00,6.00e-01,
348,-6.00e-01,-2.00e+00,3.00e+00,8.00e-01,
349,-1.20e+00,-1.60e+00,3.00e+00,6.00e-01,
350,-8.00e-01,-1.60e+00,3.00e+00,8.00e-01,
351,-6.00e-01,-2.00e+00,3.00e+00,6.00e-01,
352,-8.00e-01,-2.00e+00,3.00e+00,6.00e-01,
353,-6.00e-01,-1.60e+00,2.80e+00,8.00e-01,
354,-8.00e-01,-1.80e+00,3.00e+00,8.00e-01,
355,-6.00e-01,-2.00e+00,2.80e+00,6.00e-01,
356,-8.00e-01,-2.00e+00,3.00e+00,8.00e-01,
357,-6.00e-01,-1.80e+00,3.00e+00,6.00e-01,
358,-8.00e-01,-1.80e+00,3.00e+00,8.00e-01,
359,-4.00e-01,-2.00e+00,3.00e+00,6.00e-01,
360,-8.00e-01,-1.80e+00,3.00e+00,8.00e-01,
361,-4.00e-01,-2.00e+00,3.00e+00,6.00e-01,
362,-4.00e-01,-1.80e+00,3.00e+00,8.00e-01,
363,-6.00e-01,-2.20e+00,2.80e+00,6.00e-01,
364,-6.00e-01,-2.20e+00,3.00e+00,6.00e-01,
365,-4.00e-01,-1.80e+00,2.80e+00,8.00e-01,
366,-6.00e-01,-1.80e+00,3.00e+00,8.00e-01,
367,-4.00e-01,-2.20e+00,3.00e+00,6.00e-01,
368,-4.00e-01,-1.80e+00,3.00e+00,8.00e-01,
369,-6.00e-01,-2.20e+00,2.60e+00,6.00e-01,
370,-6.00e-01,-2.20e+00,3.00e+00,8.00e-01,
371,-2.00e-01,-1.80e+00,2.60e+00,6.00e-01,
372,-6.00e-01,-2.20e+00,2.60e+00,8.00e-01,
373,-2.00e-01,-2.00e+00,3.00e+00,6.00e-01,
374,-2.00e-01,-2.00e+00,3.00e+00,8.00e-01,
375,-6.00e-01,-2.20e+00,2.60e+00,6.00e-01,
376,-2.00e-01,-2.20e+00,3.00e+00,8.00e-01,
377,-4.00e-01,-2.00e+00,2.60e+00,6.00e-01,
378,-4.00e-01,-2.20e+00,2.60e+00,6.00e-01,
379,-2.00e-01,-2.00e+00,3.00e+00,8.00e-01,
380,-2.00e-01,-2.20e+00,2.80e+00,8.00e-01,
381,-4.00e-01,-2.00e+00,2.60e+00,6.00e-01,
382,-4.00e-01,-2.00e+00,2.60e+00,8.00e-01,
383,0.00e+00,-2.40e+00,2.80e+00,6.00e-01,
384,0.00e+00,-2.40e+00,2.80e+00,8.00e-01,
385,-4.00e-01,-2.00e+00,2.60e+00,6.00e-01,
386,0.00e+00,-2.00e+00,2.80e+00,8.00e-01,
387,-4.00e-01,-2.40e+00,2.60e+00,6.00e-01,
388,0.00e+00,-2.00e+00,2.60e+00,8.00e-01,
389,-2.00e-01,-2.40e+00,2.80e+00,6.00e-01,
390,0.00e+00,-2.00e+00,2.80e+00,8.00e-01,
391,-2.00e-01,-2.40e+00,2.60e+00,6.00e-01,
392,0.00e+00,-2.40e+00,2.60e+00,6.00e-01,
393,-2.00e-01,-2.20e+00,2.80e+00,8.00e-01,
394,-2.00e-01,-2.20e+00,2.80e+00,6.00e-01,
395,2.00e-01,-2.40e+00,2.60e+00,8.00e-01,
396,2.00e-01,-2.40e+00,2.80e+00,8.00e-01,
397,-2.00e-01,-2.20e+00,2.40e+00,6.00e-01,
398,2.00e-01,-2.20e+00,2.40e+00,8.00e-01,
399,0.00e+00,-2.40e+00,2.80e+00,6.00e-01,
400,2.00e-01,-2.20e+00,2.80e+00,6.00e-01,
401,2.00e-01,-2.40e+00,2.40e+00,8.00e-01,
402,2.00e-01,-2.40e+00,2.40e+00,8.00e-01,
403,2.00e-01,-2.20e+00,2.80e+00,6.00e-01,
404,2.00e-01,-2.40e+00,2.60e+00,6.00e-01,
405,2.00e-01,-2.20e+00,2.40e+00,8.00e-01,
406,2.00e-01,-2.20e+00,2.60e+00,8.00e-01,
407,6.00e-01,-2.60e+00,2.40e+00,6.00e-01,
408,6.00e-01,-2.20e+00,2.40e+00,6.00e-01,
409,0.00e+00,-2.60e+00,2.60e+00,8.00e-01,
410,6.00e-01,-2.60e+00,2.60e+00,6.00e-01,
411,2.00e-01,-2.20e+00,2.40e+00,8.00e-01,
412,6.00e-01,-2.60e+00,2.40e+00,8.00e-01,
413,4.00e-01,-2.20e+00,2.60e+00,6.00e-01,
414,4.00e-01,-2.60e+00,2.60e+00,6.00e-01,
415,6.00e-01,-2.20e+00,2.40e+00,8.00e-01,
416,4.00e-01,-2.60e+00,2.60e+00,8.00e-01,
417,6.00e-01,-2.20e+00,2.20e+00,6.00e-01,
418,4.00e-01,-2.60e+00,2.20e+00,8.00e-01,
419,8.00e-01,-2.20e+00,2.60e+00,6.00e-01,
420,8.00e-01,-2.60e+00,2.20e+00,8.00e-01,
421,4.00e-01,-2.40e+00,2.60e+00,6.00e-01,
422,8.00e-01,-2.60e+00,2.20e+00,6.00e-01,
423,4.00e-01,-2.40e+00,2.40e+00,8.00e-01,
424,6.00e-01,-2.60e+00,2.20e+00,6.00e-01,
425,8.00e-01,-2.40e+00,2.40e+00,8.00e-01,
426,8.00e-01,-2.60e+00,2.40e+00,8.00e-01,
427,6.00e-01,-2.40e+00,2.20e+00,6.00e-01,
428,6.00e-01,-2.40e+00,2.40e+00,6.00e-01,
429,8.00e-01,-2.60e+00,2.20e+00,8.00e-01,
430,6.00e-01,-2.60e+00,2.20e+00,6.00e-01,
431,1.00e+00,-2.40e+00,2.40e+00,8.00e-01,
432,1.00e+00,-2.60e+00,2.40e+00,8.00e-01,
433,6.00e-01,-2.40e+00,2.00e+00,6.00e-01,
434,1.00e+00,-2.60e+00,2.40e+00,8.00e-01,
435,6.00e-01,-2.40e+00,2.00e+00,6.00e-01,
436,1.00e+00,-2.60e+00,2.40e+00,8.00e-01,
437,8.00e-01,-2.40e+00,2.00e+00,6.00e-01,
438,1.00e+00,-2.60e+00,2.00e+00,8.00e-01,
439,8.00e-01,-2.40e+00,2.40e+00,6.00e-01,
440,1.00e+00,-2.60e+00,2.00e+00,8.00e-01,
441,8.00e-01,-2.40e+00,2.20e+00,6.00e-01,
442,8.00e-01,-2.60e+00,2.00e+00,8.00e-01,
443,1.20e+00,-2.40e+00,2.20e+00,6.00e-01,
444,1.20e+00,-2.60e+00,2.00e+00,8.00e-01,
445,8.00e-01,-2.40e+00,2.20e+00,6.00e-01,
446,1.20e+00,-2.60e+00,2.00e+00,8.00e-01,
447,8.00e-01,-2.40e+00,2.20e+00,6.00e-01,
448,1.20e+00,-2.60e+00,2.00e+00,6.00e-01,
449,1.00e+00,-2.40e+00,2.20e+00,8.00e-01,
450,1.20e+00,-2.60e+00,2.20e+00,8.00e-01,
451,1.00e+00,-2.40e+00,1.60e+00,6.00e-01,
452,1.00e+00,-2.60e+00,1.60e+00,8.00e-01,
453,1.20e+00,-2.40e+00,2.20e+00,6.00e-01,
454,1.20e+00,-2.80e+00,2.00e+00,8.00e-01,
455,1.00e+00,-2.40e+00,1.60e+00,6.00e-01,
456,1.00e+00,-2.40e+00,1.80e+00,8.00e-01,
457,1.60e+00,-2.80e+00,1.60e+00,6.00e-01,
458,1.60e+00,-2.40e+00,1.60e+00,8.00e-01,
459,1.00e+00,-3.00e+00,1.80e+00,6.00e-01,
460,1.00e+00,-2.40e+00,1.80e+00,6.00e-01,
461,1.60e+00,-3.00e+00,1.60e+00,8.00e-01,
462,1.40e+00,-2.40e+00,1.80e+00,8.00e-01,
463,1.60e+00,-3.00e+00,1.60e+00,6.00e-01,
464,1.40e+00,-3.00e+00,1.80e+00,6.00e-01,
465,1.60e+00,-2.40e+00,1.40e+00,8.00e-01,
466,1.40e+00,-2.40e+00,1.80e+00,6.00e-01,
467,1.60e+00,-3.00e+00,1.40e+00,8.00e-01,
468,1.40e+00,-2.80e+00,1.80e+00,8.00e-01,
469,1.60e+00,-2.40e+00,1.40e+00,6.00e-01,
470,1.40e+00,-2.80e+00,1.40e+00,8.00e-01,
471,1.80e+00,-2.40e+00,1.60e+00,6.00e-01,
472,1.80e+00,-2.40e+00,1.60e+00,6.00e-01,
473,1.40e+00,-2.80e+00,1.40e+00,8.00e-01,
474,1.40e+00,-2.80e+00,1.60e+00,6.00e-01,
475,1.80e+00,-2.40e+00,1.40e+00,1.00e+00,
476,1.60e+00,-3.00e+00,1.40e+00,8.00e-01,
477,1.80e+00,-2.40e+00,1.60e+00,6.00e-01,
478,1.80e+00,-2.40e+00,1.60e+00,8.00e-01,
479,1.60e+00,-2.80e+00,1.20e+00,6.00e-01,
480,1.60e+00,-2.60e+00,1.60e+00,8.00e-01,
481,1.80e+00,-2.40e+00,1.20e+00,6.00e-01,
482,1.80e+00,-2.60e+00,1.20e+00,6.00e-01,
483,1.60e+00,-2.40e+00,1.60e+00,8.00e-01,
484,1.60e+00,-2.60e+00,1.40e+00,8.00e-01,
485,2.00e+00,-2.40e+00,1.20e+00,6.00e-01,
486,2.00e+00,-2.60e+00,1.20e+00,6.00e-01,
487,1.60e+00,-2.40e+00,1.40e+00,8.00e-01,
488,1.60e+00,-2.60e+00,1.40e+00,6.00e-01,
489,2.00e+00,-2.40e+00,1.20e+00,8.00e-01,
490,2.00e+00,-2.60e+00,1.40e+00,8.00e-01,
491,1.80e+00,-2.40e+00,1.00e+00,6.00e-01,
492,2.00e+00,-2.60e+00,1.00e+00,6.00e-01,
493,1.80e+00,-2.40e+00,1.40e+00,8.00e-01,
494,2.00e+00,-2.60e+00,1.00e+00,8.00e-01,
495,1.80e+00,-2.40e+00,1.40e+00,6.00e-01,
496,1.80e+00,-2.60e+00,1.00e+00,6.00e-01,
497,2.00e+00,-2.40e+00,1.20e+00,8.00e-01,
498,1.80e+00,-2.60e+00,1.00e+00,8.00e-01,
499,2.00e+00,-2.40e+00,1.20e+00,6.00e-01,
500,1.80e+00,-2.60e+00,1.20e+00,8.00e-01,
501,2.20e+00,-2.40e+00,1.00e+00,6.00e-01,
502,1.80e+00,-2.40e+00,1.00e+00,8.00e-01,
503,2.20e+00,-2.60e+00,1.20e+00,6.00e-01,
504,2.20e+00,-2.60e+00,1.20e+00,6.00e-01,
505,1.80e+00,-2.40e+00,8.00e-01,8.00e-01,
506,2.20e+00,-2.60e+00,1.20e+00,8.00e-01,
507,2.00e+00,-2.40e+00,6.00e-01,6.00e-01,
508,2.00e+00,-2.60e+00,6.00e-01,8.00e-01,
509,2.20e+00,-2.40e+00,8.00e-01,6.00e-01,
510,2.20e+00,-2.60e+00,8.00e-01,8.00e-01,
511,2.00e+00,-2.40e+00,6.00e-01,6.00e-01,
512,2.20e+00,-2.60e+00,8.00e-01,8.00e-01,
513,2.00e+00,-2.40e+00,6.00e-01,6.00e-01,
514,2.20e+00,-2.60e+00,8.00e-01,8.00e-01,
515,2.00e+00,-2.20e+00,6.00e-01,6.00e-01,
516,2.20e+00,-2.60e+00,8.00e-01,8.00e-01,
517,2.00e+00,-2.20e+00,4.00e-01,6.00e-01,
518,2.00e+00,-2.60e+00,8.00e-01,8.00e-01,
519,2.60e+00,-2.20e+00,4.00e-01,6.00e-01,
520,2.00e+00,-2.60e+00,8.00e-01,8.00e-01,
521,2.60e+00,-2.20e+00,4.00e-01,6.00e-01,
522,2.00e+00,-2.60e+00,6.00e-01,6.00e-01,
523,2.60e+00,-2.20e+00,4.00e-01,8.00e-01,
524,2.00e+00,-2.60e+00,6.00e-01,8.00e-01,
525,2.60e+00,-2.20e+00,4.00e-01,6.00e-01,
526,2.40e+00,-2.20e+00,6.00e-01,8.00e-01,
527,2.60e+00,-2.60e+00,4.00e-01,6.00e-01,
528,2.40e+00,-2.40e+00,6.00e-01,8.00e-01,
529,2.60e+00,-2.20e+00,2.00e-01,6.00e-01,
530,2.40e+00,-2.40e+00,2.00e-01,8.00e-01,
531,2.60e+00,-2.20e+00,6.00e-01,6.00e-01,
532,2.40e+00,-2.40e+00,6.00e-01,8.00e-01,
533,2.60e+00,-2.20e+00,2.00e-01,6.00e-01,
534,2.40e+00,-2.20e+00,2.00e-01,6.00e-01,
535,2.60e+00,-2.40e+00,4.00e-01,8.00e-01,
536,2.40e+00,-2.40e+00,2.00e-01,8.00e-01,
537,2.60e+00,-2.20e+00,4.00e-01,6.00e-01,
538,2.40e+00,-2.20e+00,2.00e-01,8.00e-01,
539,2.80e+00,-2.40e+00,4.00e-01,6.00e-01,
540,2.40e+00,-2.40e+00,4.00e-01,8.00e-01,
541,2.80e+00,-2.20e+00,0.00e+00,6.00e-01,
542,2.40e+00,-2.40e+00,0.00e+00,6.00e-01,
543,2.80e+00,-2.00e+00,4.00e-01,8.00e-01,
544,2.80e+00,-2.40e+00,0.00e+00,8.00e-01,
545,2.40e+00,-2.00e+00,4.00e-01,6.00e-01,
546,2.40e+00,-2.00e+00,2.00e-01,8.00e-01,
547,2.80e+00,-2.40e+00,0.00e+00,6.00e-01,
548,2.40e+00,-2.40e+00,2.00e-01,6.00e-01,
549,2.80e+00,-2.00e+00,0.00e+00,8.00e-01,
550,2.60e+00,-2.40e+00,0.00e+00,8.00e-01,
551,2.80e+00,-2.00e+00,2.00e-01,6.00e-01,
552,2.60e+00,-2.00e+00,2.00e-01,8.00e-01,
553,2.80e+00,-2.20e+00,-2.00e-01,6.00e-01,
554,2.60e+00,-2.20e+00,2.00e-01,8.00e-01,
555,2.80e+00,-2.00e+00,-2.00e-01,6.00e-01,
556,2.60e+00,-2.20e+00,-2.00e-01,8.00e-01,
557,2.80e+00,-2.00e+00,2.00e-01,6.00e-01,
558,2.60e+00,-2.00e+00,-2.00e-01,6.00e-01,
559,2.80e+00,-2.20e+00,0.00e+00,8.00e-01,
560,2.60e+00,-2.20e+00,-2.00e-01,6.00e-01,
561,2.80e+00,-2.00e+00,0.00e+00,8.00e-01,
562,2.60e+00,-2.20e+00,-2.00e-01,8.00e-01,
563,3.00e+00,-1.80e+00,0.00e+00,6.00e-01,
564,2.60e+00,-2.20e+00,0.00e+00,8.00e-01,
565,2.80e+00,-1.80e+00,-4.00e-01,6.00e-01,
566,2.60e+00,-1.80e+00,-6.00e-01,6.00e-01,
567,2.80e+00,-2.20e+00,0.00e+00,8.00e-01,
568,2.60e+00,-2.20e+00,-6.00e-01,8.00e-01,
569,3.00e+00,-1.80e+00,0.00e+00,6.00e-01,
570,3.00e+00,-1.80e+00,-4.00e-01,8.00e-01,
571,2.60e+00,-2.20e+00,-6.00e-01,6.00e-01,
572,3.00e+00,-1.80e+00,-4.00e-01,8.00e-01,
573,2.60e+00,-2.00e+00,-6.00e-01,6.00e-01,
574,3.00e+00,-1.80e+00,-4.00e-01,8.00e-01,
575,2.60e+00,-2.00e+00,-6.00e-01,6.00e-01,
576,3.00e+00,-1.80e+00,-4.00e-01,8.00e-01,
577,2.60e+00,-2.00e+00,-6.00e-01,6.00e-01,
578,2.60e+00,-1.80e+00,-4.00e-01,6.00e-01,
579,3.00e+00,-2.00e+00,-8.00e-01,8.00e-01,
580,2.60e+00,-2.00e+00,-8.00e-01,8.00e-01,
581,3.00e+00,-1.60e+00,-4.00e-01,6.00e-01,
582,3.00e+00,-2.00e+00,-8.00e-01,8.00e-01,
583,2.60e+00,-1.60e+00,-4.00e-01,6.00e-01,
584,3.00e+00,-1.60e+00,-8.00e-01,6.00e-01,
585,2.60e+00,-2.00e+00,-6.00e-01,8.00e-01,
586,3.00e+00,-2.00e+00,-6.00e-01,6.00e-01,
587,2.60e+00,-1.60e+00,-8.00e-01,8.00e-01,
588,3.00e+00,-1.60e+00,-6.00e-01,8.00e-01,
589,2.80e+00,-1.80e+00,-8.00e-01,6.00e-01,
590,3.00e+00,-1.60e+00,-6.00e-01,6.00e-01,
591,2.80e+00,-1.80e+00,-1.00e+00,8.00e-01,
592,3.00e+00,-1.60e+00,-6.00e-01,8.00e-01,
593,2.80e+00,-1.80e+00,-1.00e+00,6.00e-01,
594,2.80e+00,-1.60e+00,-1.00e+00,8.00e-01,
595,3.00e+00,-1.80e+00,-6.00e-01,6.00e-01,
596,3.00e+00,-1.80e+00,-1.00e+00,8.00e-01,
597,2.80e+00,-1.40e+00,-8.00e-01,6.00e-01,
598,3.00e+00,-1.80e+00,-1.00e+00,8.00e-01,
599,2.80e+00,-1.20e+00,-8.00e-01,6.00e-01,
600,3.00e+00,-1.80e+00,-1.00e+00,6.00e-01,
601,2.80e+00,-1.20e+00,-8.00e-01,2.00e+00,
602,2.80e+00,-1.20e+00,-8.00e-01,2.20e+00,
603,3.00e+00,-1.60e+00,-1.00e+00,3.80e+00,
604,3.00e+00,-1.20e+00,-8.00e-01,3.40e+00,
605,2.80e+00,-1.40e+00,-1.20e+00,3.80e+00,
606,3.00e+00,-1.40e+00,-1.20e+00,3.80e+00,
607,2.80e+00,-1.20e+00,-8.00e-01,3.40e+00,
608,3.00e+00,-1.40e+00,-8.00e-01,3.40e+00,
609,2.80e+00,-1.20e+00,-1.20e+00,3.80e+00,
610,2.80e+00,-1.40e+00,-1.20e+00,3.80e+00,
611,3.00e+00,-1.20e+00,-1.00e+00,3.40e+00,
612,2.80e+00,-1.40e+00,-1.20e+00,3.80e+00,
613,3.00e+00,-1.00e+00,-1.00e+00,3.40e+00,
614,2.80e+00,-1.40e+00,-1.20e+00,3.40e+00,
615,3.00e+00,-1.00e+00,-1.00e+00,3.80e+00,
616,3.00e+00,-1.00e+00,-1.20e+00,3.40e+00,
617,2.80e+00,-1.40e+00,-1.00e+00,3.80e+00,
618,3.00e+00,-1.00e+00,-1.00e+00,3.80e+00,
619,2.80e+00,-1.20e+00,-1.60e+00,3.40e+00,
620,2.80e+00,-1.00e+00,-1.60e+00,3.40e+00,
621,3.00e+00,-1.20e+00,-1.00e+00,3.80e+00,
622,3.00e+00,-1.00e+00,-1.00e+00,3.80e+00,
623,2.80e+00,-1.20e+00,-1.60e+00,3.40e+00,
624,2.80e+00,-1.20e+00,-1.40e+00,3.40e+00,
625,3.00e+00,-8.00e-01,-1.60e+00,3.80e+00,
626,3.00e+00,-1.20e+00,-1.40e+00,3.40e+00,
627,2.80e+00,-8.00e-01,-1.60e+00,3.80e+00,
628,2.80e+00,-8.00e-01,-1.40e+00,3.40e+00,
629,3.00e+00,-1.20e+00,-1.60e+00,3.80e+00,
630,2.80e+00,-1.20e+00,-1.40e+00,3.40e+00,
631,3.00e+00,-8.00e-01,-1.60e+00,3.80e+00,
632,2.80e+00,-8.00e-01,-1.40e+00,3.80e+00,
633,3.00e+00,-1.00e+00,-1.80e+00,3.40e+00,
634,3.00e+00,-1.00e+00,-1.40e+00,3.80e+00,
635,2.80e+00,-8.00e-01,-1.80e+00,3.40e+00,
636,2.80e+00,-8.00e-01,-1.40e+00,3.40e+00,
637,3.00e+00,-1.00e+00,-1.80e+00,3.80e+00,
638,2.80e+00,-1.00e+00,-1.40e+00,3.40e+00,
639,3.00e+00,-6.00e-01,-1.80e+00,3.80e+00,
640,3.00e+00,-1.00e+00,-1.60e+00,3.80e+00,
641,2.60e+00,-6.00e-01,-1.80e+00,3.40e+00,
642,3.00e+00,-6.00e-01,-1.60e+00,3.80e+00,
643,2.60e+00,-1.00e+00,-1.80e+00,3.40e+00,
644,2.60e+00,-6.00e-01,-1.80e+00,3.80e+00,
645,3.00e+00,-1.00e+00,-1.60e+00,3.40e+00,
646,3.00e+00,-6.00e-01,-1.80e+00,3.40e+00,
647,2.60e+00,-8.00e-01,-1.60e+00,3.80e+00,
648,3.00e+00,-6.00e-01,-1.60e+00,3.40e+00,
649,2.60e+00,-8.00e-01,-1.80e+00,3.80e+00,
650,3.00e+00,-8.00e-01,-1.60e+00,3.80e+00,
651,2.60e+00,-4.00e-01,-2.00e+00,3.40e+00,
652,3.00e+00,-8.00e-01,-1.60e+00,3.80e+00,
653,2.60e+00,-2.00e-01,-2.00e+00,3.40e+00,
654,3.00e+00,-8.00e-01,-2.00e+00,3.80e+00,
655,2.60e+00,-2.00e-01,-1.60e+00,3.40e+00,
656,3.00e+00,-2.00e-01,-2.00e+00,3.80e+00,
657,2.60e+00,-8.00e-01,-1.60e+00,3.40e+00,
658,2.60e+00,-4.00e-01,-1.80e+00,3.40e+00,
659,3.00e+00,-2.00e-01,-2.00e+00,3.80e+00,
660,2.60e+00,-4.00e-01,-1.80e+00,3.40e+00,
661,2.80e+00,-2.00e-01,-2.00e+00,3.80e+00,
662,2.60e+00,-4.00e-01,-2.00e+00,3.80e+00,
663,2.80e+00,0.00e+00,-1.80e+00,3.40e+00,
664,2.80e+00,-4.00e-01,-2.00e+00,3.80e+00,
665,2.60e+00,0.00e+00,-1.80e+00,3.40e+00,
666,2.60e+00,0.00e+00,-1.80e+00,3.80e+00,
667,2.80e+00,-4.00e-01,-2.00e+00,3.40e+00,
668,2.60e+00,-4.00e-01,-2.00e+00,3.80e+00,
669,2.80e+00,0.00e+00,-1.80e+00,3.40e+00,
670,2.60e+00,-2.00e-01,-1.80e+00,3.80e+00,
671,2.80e+00,0.00e+00,-2.20e+00,3.40e+00,
672,2.60e+00,-2.00e-01,-2.20e+00,3.80e+00,
673,2.80e+00,0.00e+00,-1.80e+00,3.40e+00,
674,2.60e+00,-2.00e-01,-2.20e+00,3.80e+00,
675,2.80e+00,0.00e+00,-1.80e+00,3.40e+00,
676,2.60e+00,-2.00e-01,-2.20e+00,3.80e+00,
677,2.80e+00,2.00e-01,-1.80e+00,3.40e+00,
678,2.80e+00,-2.00e-01,-2.20e+00,3.80e+00,
679,2.40e+00,2.00e-01,-2.00e+00,3.40e+00,
680,2.40e+00,2.00e-01,-2.20e+00,3.40e+00,
681,2.80e+00,-2.00e-01,-2.00e+00,3.80e+00,
682,2.40e+00,2.00e-01,-2.20e+00,3.40e+00,
683,2.80e+00,0.00e+00,-2.00e+00,3.80e+00,
684,2.40e+00,2.00e-01,-2.20e+00,3.80e+00,
685,2.80e+00,0.00e+00,-2.00e+00,3.40e+00,
686,2.40e+00,2.00e-01,-2.20e+00,3.80e+00,
687,2.80e+00,0.00e+00,-2.00e+00,3.40e+00,
688,2.40e+00,0.00e+00,-2.00e+00,3.40e+00,
689,2.80e+00,4.00e-01,-2.20e+00,3.80e+00,
690,2.40e+00,4.00e-01,-2.20e+00,3.80e+00,
691,2.60e+00,0.00e+00,-2.00e+00,3.40e+00,
692,2.40e+00,4.00e-01,-2.00e+00,3.40e+00,
693,2.60e+00,0.00e+00,-2.40e+00,3.80e+00,
694,2.40e+00,4.00e-01,-2.00e+00,3.40e+00,
695,2.60e+00,2.00e-01,-2.40e+00,3.80e+00,
696,2.40e+00,4.00e-01,-2.40e+00,3.40e+00,
697,2.60e+00,2.00e-01,-2.00e+00,3.80e+00,
698,2.40e+00,4.00e-01,-2.00e+00,3.80e+00,
699,2.60e+00,2.00e-01,-2.40e+00,3.40e+00,
700,2.40e+00,2.00e-01,-2.00e+00,3.40e+00,
701,2.60e+00,6.00e-01,-2.40e+00,3.80e+00,
702,2.00e+00,2.00e-01,-2.40e+00,3.40e+00,
703,2.60e+00,8.00e-01,-2.00e+00,3.80e+00,
704,2.60e+00,2.00e-01,-2.40e+00,3.40e+00,
705,2.00e+00,8.00e-01,-2.20e+00,3.80e+00,
706,2.00e+00,6.00e-01,-2.40e+00,3.40e+00,
707,2.60e+00,8.00e-01,-2.40e+00,3.80e+00,
708,2.40e+00,6.00e-01,-2.40e+00,3.40e+00,
709,2.00e+00,8.00e-01,-2.20e+00,3.80e+00,
710,2.20e+00,6.00e-01,-2.40e+00,3.80e+00,
711,2.00e+00,8.00e-01,-2.20e+00,3.40e+00,
712,2.00e+00,6.00e-01,-2.40e+00,3.80e+00,
713,2.40e+00,1.00e+00,-2.40e+00,3.40e+00,
714,2.20e+00,6.00e-01,-2.40e+00,3.40e+00,
715,2.00e+00,1.00e+00,-2.20e+00,3.80e+00,
716,2.20e+00,1.00e+00,-2.40e+00,3.40e+00,
717,2.00e+00,6.00e-01,-2.40e+00,3.80e+00,
718,2.20e+00,1.00e+00,-2.40e+00,3.40e+00,
719,2.00e+00,6.00e-01,-2.20e+00,3.80e+00,
720,2.20e+00,1.00e+00,-2.40e+00,3.40e+00,
721,1.80e+00,8.00e-01,-2.20e+00,3.80e+00,
722,2.20e+00,8.00e-01,-2.40e+00,3.40e+00,
723,1.80e+00,1.00e+00,-2.20e+00,3.80e+00,
724,2.20e+00,8.00e-01,-2.40e+00,3.40e+00,
725,1.80e+00,1.20e+00,-2.40e+00,3.80e+00,
726,2.20e+00,8.00e-01,-2.20e+00,3.40e+00,
727,1.80e+00,1.20e+00,-2.60e+00,3.80e+00,
728,2.00e+00,1.20e+00,-2.40e+00,3.80e+00,
729,1.80e+00,8.00e-01,-2.80e+00,3.40e+00,
730,2.00e+00,8.00e-01,-2.20e+00,3.80e+00,
731,1.80e+00,1.20e+00,-2.80e+00,3.40e+00,
732,2.00e+00,1.20e+00,-2.40e+00,3.80e+00,
733,1.80e+00,1.00e+00,-2.80e+00,3.40e+00,
734,2.00e+00,1.20e+00,-2.80e+00,3.40e+00,
735,1.80e+00,1.00e+00,-2.40e+00,3.80e+00,
736,2.00e+00,1.20e+00,-2.80e+00,3.40e+00,
737,1.60e+00,1.00e+00,-2.20e+00,3.80e+00,
738,1.60e+00,1.00e+00,-2.80e+00,3.40e+00,
739,2.00e+00,1.40e+00,-2.20e+00,3.80e+00,
740,2.00e+00,1.40e+00,-2.40e+00,3.40e+00,
741,1.60e+00,1.00e+00,-2.80e+00,3.80e+00,
742,1.60e+00,1.40e+00,-2.80e+00,3.40e+00,
743,1.80e+00,1.00e+00,-2.20e+00,3.80e+00,
744,1.60e+00,1.40e+00,-2.40e+00,3.40e+00,
745,1.80e+00,1.20e+00,-2.80e+00,3.80e+00,
746,1.80e+00,1.40e+00,-2.80e+00,3.40e+00,
747,1.60e+00,1.20e+00,-2.40e+00,3.80e+00,
748,1.60e+00,1.40e+00,-2.80e+00,3.40e+00,
749,1.80e+00,1.20e+00,-2.20e+00,3.80e+00,
750,1.80e+00,1.20e+00,-2.40e+00,3.40e+00,
751,1.40e+00,1.60e+00,-2.80e+00,3.80e+00,
752,1.80e+00,1.20e+00,-2.40e+00,3.40e+00,
753,1.40e+00,1.60e+00,-2.80e+00,3.80e+00,
754,1.80e+00,1.60e+00,-2.80e+00,3.40e+00,
755,1.40e+00,1.20e+00,-2.20e+00,3.80e+00,
756,1.40e+00,1.20e+00,-2.40e+00,3.80e+00,
757,1.60e+00,1.60e+00,-2.80e+00,3.40e+00,
758,1.60e+00,1.60e+00,-2.80e+00,3.40e+00,
759,1.40e+00,1.40e+00,-2.20e+00,3.80e+00,
760,1.40e+00,1.60e+00,-2.40e+00,3.80e+00,
761,1.60e+00,1.40e+00,-2.80e+00,3.40e+00,
762,1.40e+00,1.40e+00,-2.20e+00,3.40e+00,
763,1.60e+00,1.60e+00,-2.80e+00,3.80e+00,
764,1.60e+00,1.40e+00,-2.80e+00,3.40e+00,
765,1.00e+00,1.80e+00,-2.20e+00,3.80e+00,
766,1.60e+00,1.40e+00,-2.40e+00,3.80e+00,
767,1.00e+00,2.00e+00,-2.80e+00,3.40e+00,
768,1.00e+00,1.40e+00,-2.60e+00,3.80e+00,
769,1.60e+00,2.00e+00,-2.20e+00,3.40e+00,
770,1.20e+00,1.60e+00,-2.20e+00,3.40e+00,
771,1.00e+00,2.00e+00,-2.80e+00,3.80e+00,
772,1.20e+00,1.80e+00,-2.40e+00,3.40e+00,
773,1.00e+00,2.00e+00,-2.80e+00,3.80e+00,
774,1.20e+00,2.00e+00,-2.40e+00,3.40e+00,
775,1.00e+00,1.80e+00,-2.80e+00,3.60e+00,
776,1.20e+00,1.80e+00,-2.80e+00,3.40e+00,
777,1.00e+00,2.00e+00,-2.20e+00,3.80e+00,
778,1.20e+00,1.80e+00,-2.80e+00,3.40e+00,
779,8.00e-01,2.20e+00,-2.40e+00,3.80e+00,
780,1.20e+00,1.80e+00,-2.80e+00,3.40e+00,
781,8.00e-01,2.20e+00,-2.20e+00,3.80e+00,
782,1.20e+00,2.20e+00,-2.80e+00,3.40e+00,
783,8.00e-01,1.80e+00,-2.20e+00,3.80e+00,
784,1.00e+00,1.80e+00,-2.80e+00,3.40e+00,
785,8.00e-01,2.20e+00,-2.20e+00,3.80e+00,
786,1.00e+00,2.20e+00,-2.40e+00,3.40e+00,
787,8.00e-01,2.00e+00,-2.40e+00,3.80e+00,
788,1.00e+00,2.20e+00,-2.40e+00,3.40e+00,
789,8.00e-01,2.00e+00,-2.20e+00,3.80e+00,
790,1.00e+00,2.00e+00,-2.40e+00,3.40e+00,
791,6.00e-01,2.20e+00,-2.20e+00,3.80e+00,
792,1.00e+00,2.00e+00,-2.40e+00,3.40e+00,
793,6.00e-01,2.20e+00,-2.20e+00,3.80e+00,
794,1.00e+00,2.00e+00,-2.40e+00,3.40e+00,
795,6.00e-01,2.40e+00,-2.20e+00,3.60e+00,
796,8.00e-01,2.00e+00,-2.40e+00,3.40e+00,
797,6.00e-01,2.40e+00,-2.40e+00,3.80e+00,
798,8.00e-01,2.40e+00,-2.40e+00,3.40e+00,
799,6.00e-01,2.00e+00,-2.20e+00,3.80e+00,
800,8.00e-01,2.40e+00,-2.40e+00,3.60e+00,
801,6.00e-01,2.00e+00,-2.20e+00,3.40e+00,
802,8.00e-01,2.40e+00,-2.40e+00,3.40e+00,
803,4.00e-01,2.20e+00,-2.20e+00,3.60e+00,
804,4.00e-01,2.20e+00,-2.40e+00,3.40e+00,
805,8.00e-01,2.40e+00,-2.20e+00,3.80e+00,
806,4.00e-01,2.20e+00,-2.40e+00,3.40e+00,
807,8.00e-01,2.40e+00,-2.20e+00,3.60e+00,
808,4.00e-01,2.20e+00,-2.40e+00,3.40e+00,
809,6.00e-01,2.40e+00,-2.40e+00,3.80e+00,
810,4.00e-01,2.40e+00,-2.40e+00,3.40e+00,
811,6.00e-01,2.20e+00,-2.20e+00,3.80e+00,
812,4.00e-01,2.20e+00,-2.40e+00,3.40e+00,
813,6.00e-01,2.60e+00,-2.20e+00,3.80e+00,
814,6.00e-01,2.20e+00,-2.40e+00,3.40e+00,
815,0.00e+00,2.60e+00,-2.00e+00,3.60e+00,
816,2.00e-01,2.60e+00,-2.40e+00,3.40e+00,
817,6.00e-01,2.20e+00,-2.00e+00,3.80e+00,
818,2.00e-01,2.20e+00,-2.00e+00,3.40e+00,
819,6.00e-01,2.60e+00,-2.40e+00,3.80e+00,
820,2.00e-01,2.60e+00,-2.40e+00,3.40e+00,
821,2.00e-01,2.40e+00,-2.00e+00,3.80e+00,
822,2.00e-01,2.60e+00,-2.40e+00,3.40e+00,
823,2.00e-01,2.40e+00,-2.00e+00,3.80e+00,
824,2.00e-01,2.60e+00,-2.00e+00,3.40e+00,
825,2.00e-01,2.40e+00,-2.40e+00,3.80e+00,
826,2.00e-01,2.60e+00,-2.00e+00,3.40e+00,
827,-2.00e-01,2.40e+00,-2.20e+00,3.60e+00,
828,2.00e-01,2.40e+00,-2.20e+00,3.40e+00,
829,-2.00e-01,2.60e+00,-2.00e+00,3.60e+00,
830,0.00e+00,2.60e+00,-2.20e+00,3.40e+00,
831,-2.00e-01,2.40e+00,-2.00e+00,3.80e+00,
832,0.00e+00,2.40e+00,-2.20e+00,3.40e+00,
833,-2.00e-01,2.80e+00,-2.00e+00,3.60e+00,
834,-2.00e-01,2.40e+00,-2.20e+00,3.40e+00,
835,0.00e+00,3.00e+00,-2.00e+00,3.80e+00,
836,0.00e+00,3.00e+00,-2.20e+00,3.40e+00,
837,-2.00e-01,2.40e+00,-2.00e+00,3.60e+00,
838,0.00e+00,2.40e+00,-2.20e+00,3.40e+00,
839,-4.00e-01,3.00e+00,-1.80e+00,3.60e+00,
840,0.00e+00,2.40e+00,-2.20e+00,3.40e+00,
841,-4.00e-01,3.00e+00,-1.80e+00,3.60e+00,
842,-2.00e-01,2.60e+00,-1.80e+00,3.40e+00,
843,-4.00e-01,3.00e+00,-2.20e+00,3.60e+00,
844,-2.00e-01,2.80e+00,-2.20e+00,3.40e+00,
845,-4.00e-01,3.00e+00,-1.80e+00,3.60e+00,
846,-2.00e-01,2.80e+00,-1.80e+00,3.40e+00,
847,-4.00e-01,3.00e+00,-2.00e+00,3.60e+00,
848,-2.00e-01,3.00e+00,-1.80e+00,3.40e+00,
849,-4.00e-01,2.80e+00,-2.00e+00,3.80e+00,
850,-2.00e-01,2.80e+00,-1.80e+00,3.40e+00,
851,-6.00e-01,3.00e+00,-2.00e+00,3.60e+00,
852,-2.00e-01,2.80e+00,-1.80e+00,3.40e+00,
853,-6.00e-01,3.00e+00,-2.00e+00,3.60e+00,
854,-6.00e-01,2.80e+00,-2.00e+00,3.40e+00,
855,-4.00e-01,3.00e+00,-1.80e+00,3.80e+00,
856,-4.00e-01,2.80e+00,-1.80e+00,3.60e+00,
857,-6.00e-01,3.00e+00,-2.00e+00,3.40e+00,
858,-6.00e-01,2.80e+00,-2.00e+00,3.60e+00,
859,-4.00e-01,3.00e+00,-1.60e+00,3.40e+00,
860,-4.00e-01,2.80e+00,-2.00e+00,3.60e+00,
861,-8.00e-01,3.00e+00,-1.60e+00,3.40e+00,
862,-8.00e-01,2.80e+00,-1.60e+00,3.60e+00,
863,-4.00e-01,3.20e+00,-2.00e+00,3.40e+00,
864,-8.00e-01,3.20e+00,-1.60e+00,3.40e+00,
865,-4.00e-01,2.80e+00,-2.00e+00,3.80e+00,
866,-8.00e-01,3.20e+00,-1.60e+00,3.40e+00,
867,-6.00e-01,2.80e+00,-1.80e+00,3.60e+00,
868,-8.00e-01,3.20e+00,-1.80e+00,3.40e+00,
869,-6.00e-01,2.80e+00,-1.60e+00,3.60e+00,
870,-8.00e-01,3.20e+00,-1.60e+00,3.40e+00,
871,-6.00e-01,2.80e+00,-1.80e+00,3.60e+00,
872,-6.00e-01,3.20e+00,-1.60e+00,3.40e+00,
873,-1.00e+00,2.80e+00,-1.80e+00,3.80e+00,
874,-6.00e-01,2.80e+00,-1.80e+00,3.60e+00,
875,-1.20e+00,3.20e+00,-1.40e+00,3.40e+00,
876,-6.00e-01,2.80e+00,-1.80e+00,3.60e+00,
877,-1.20e+00,3.20e+00,-1.40e+00,3.40e+00,
878,-1.20e+00,2.80e+00,-1.40e+00,3.60e+00,
879,-1.00e+00,3.20e+00,-1.80e+00,3.40e+00,
880,-1.00e+00,3.20e+00,-1.40e+00,3.60e+00,
881,-1.20e+00,2.80e+00,-1.80e+00,3.40e+00,
882,-1.00e+00,3.20e+00,-1.60e+00,3.40e+00,
883,-1.20e+00,2.80e+00,-1.40e+00,3.60e+00,
884,-1.00e+00,3.20e+00,-1.40e+00,3.40e+00,
885,-1.40e+00,3.00e+00,-1.60e+00,3.60e+00,
886,-1.00e+00,3.00e+00,-1.40e+00,3.60e+00,
887,-1.40e+00,3.20e+00,-1.60e+00,3.40e+00,
888,-1.00e+00,3.20e+00,-1.40e+00,3.40e+00,
889,-1.40e+00,3.00e+00,-1.60e+00,3.60e+00,
890,-1.40e+00,3.20e+00,-1.60e+00,3.60e+00,
891,-1.00e+00,3.00e+00,-1.00e+00,3.40e+00,
892,-1.40e+00,3.00e+00,-1.00e+00,3.40e+00,
893,-1.20e+00,3.20e+00,-1.60e+00,3.60e+00,
894,-1.20e+00,3.00e+00,-1.00e+00,3.40e+00,
895,-1.40e+00,3.20e+00,-1.60e+00,3.60e+00,
896,-1.20e+00,3.20e+00,-1.20e+00,3.40e+00,
897,-1.40e+00,3.00e+00,-1.00e+00,3.60e+00,
898,-1.20e+00,3.00e+00,-1.20e+00,3.40e+00,
899,-1.60e+00,3.20e+00,-1.00e+00,3.60e+00,
900,-1.60e+00,3.00e+00,-1.20e+00,3.40e+00,
901,-1.20e+00,3.20e+00,-1.00e+00,3.60e+00,
902,-1.20e+00,3.00e+00,-1.00e+00,3.40e+00,
903,-1.60e+00,3.20e+00,-1.20e+00,3.80e+00,
904,-1.60e+00,3.00e+00,-1.20e+00,3.40e+00,
905,-1.40e+00,3.20e+00,-8.00e-01,3.60e+00,
906,-1.60e+00,3.20e+00,-1.20e+00,3.40e+00,
907,-1.40e+00,3.00e+00,-8.00e-01,3.60e+00,
908,-1.60e+00,3.20e+00,-1.20e+00,3.40e+00,
909,-1.40e+00,3.00e+00,-8.00e-01,3.80e+00,
910,-1.60e+00,3.20e+00,-1.00e+00,3.40e+00,
911,-1.40e+00,3.00e+00,-8.00e-01,3.60e+00,
912,-1.40e+00,3.20e+00,-1.00e+00,3.40e+00,
913,-1.80e+00,3.00e+00,-8.00e-01,3.60e+00,
914,-1.80e+00,3.20e+00,-1.00e+00,3.40e+00,
915,-1.40e+00,3.00e+00,-8.00e-01,3.60e+00,
916,-1.80e+00,3.20e+00,-8.00e-01,3.40e+00,
917,-1.40e+00,3.00e+00,-1.00e+00,3.60e+00,
918,-1.80e+00,3.20e+00,-1.00e+00,3.40e+00,
919,-1.60e+00,3.00e+00,-6.00e-01,3.60e+00,
920,-1.80e+00,3.00e+00,-6.00e-01,3.40e+00,
921,-1.60e+00,3.20e+00,-1.00e+00,3.60e+00,
922,-1.80e+00,3.20e+00,-6.00e-01,3.40e+00,
923,-1.60e+00,2.80e+00,-1.00e+00,3.60e+00,
924,-1.80e+00,3.20e+00,-8.00e-01,3.40e+00,
925,-1.60e+00,2.80e+00,-6.00e-01,3.60e+00,
926,-1.60e+00,3.20e+00,-8.00e-01,3.40e+00,
927,-2.00e+00,2.80e+00,-6.00e-01,3.60e+00,
928,-2.20e+00,3.20e+00,-6.00e-01,3.40e+00,
929,-1.60e+00,2.80e+00,-8.00e-01,3.80e+00,
930,-1.60e+00,2.80e+00,-8.00e-01,3.40e+00,
931,-2.20e+00,3.20e+00,-4.00e-01,3.60e+00,
932,-1.60e+00,2.80e+00,-4.00e-01,3.60e+00,
933,-2.20e+00,3.20e+00,-8.00e-01,3.40e+00,
934,-2.00e+00,2.80e+00,-4.00e-01,3.40e+00,
935,-2.20e+00,3.20e+00,-8.00e-01,3.60e+00,
936,-2.00e+00,2.80e+00,-4.00e-01,3.40e+00,
937,-2.20e+00,3.20e+00,-6.00e-01,3.60e+00,
938,-2.00e+00,3.20e+00,-4.00e-01,3.40e+00,
939,-2.20e+00,2.80e+00,-6.00e-01,3.60e+00,
940,-2.00e+00,2.80e+00,-4.00e-01,3.60e+00,
941,-2.20e+00,3.20e+00,-6.00e-01,3.40e+00,
942,-2.00e+00,2.80e+00,-6.00e-01,3.40e+00,
943,-2.20e+00,3.20e+00,0.00e+00,3.60e+00,
944,-2.00e+00,2.80e+00,-6.00e-01,3.40e+00,
945,-2.40e+00,3.00e+00,0.00e+00,3.80e+00,
946,-2.00e+00,3.00e+00,-6.00e-01,3.40e+00,
947,-2.40e+00,2.80e+00,0.00e+00,3.60e+00,
948,-2.00e+00,2.80e+00,-2.00e-01,3.60e+00,
949,-2.40e+00,3.00e+00,0.00e+00,3.40e+00,
950,-2.40e+00,2.80e+00,-2.00e-01,3.40e+00,
951,-2.20e+00,3.00e+00,0.00e+00,3.60e+00,
952,-2.40e+00,2.80e+00,-2.00e-01,3.40e+00,
953,-2.20e+00,3.00e+00,0.00e+00,3.80e+00,
954,-2.40e+00,2.80e+00,-2.00e-01,3.60e+00,
955,-2.20e+00,3.00e+00,2.00e-01,3.40e+00,
956,-2.20e+00,2.80e+00,2.00e-01,3.60e+00,
957,-2.40e+00,3.00e+00,-2.00e-01,3.40e+00,
958,-2.20e+00,2.80e+00,-2.00e-01,3.40e+00,
959,-2.40e+00,3.00e+00,2.00e-01,3.60e+00,
960,-2.20e+00,2.80e+00,0.00e+00,3.60e+00,
961,-2.40e+00,3.00e+00,2.00e-01,3.40e+00,
962,-2.20e+00,3.00e+00,0.00e+00,3.40e+00,
963,-2.60e+00,2.40e+00,2.00e-01,3.60e+00,
964,-2.60e+00,3.00e+00,0.00e+00,3.60e+00,
965,-2.20e+00,2.40e+00,2.00e-01,3.40e+00,
966,-2.20e+00,2.40e+00,0.00e+00,3.40e+00,
967,-2.60e+00,3.00e+00,4.00e-01,3.60e+00,
968,-2.60e+00,2.40e+00,4.00e-01,3.40e+00,
969,-2.20e+00,3.00e+00,0.00e+00,3.60e+00,
970,-2.40e+00,2.40e+00,4.00e-01,3.60e+00,
971,-2.60e+00,3.00e+00,0.00e+00,3.40e+00,
972,-2.40e+00,2.80e+00,4.00e-01,3.40e+00,
973,-2.60e+00,2.40e+00,2.00e-01,3.80e+00,
974,-2.60e+00,2.60e+00,2.00e-01,3.40e+00,
975,-2.40e+00,2.40e+00,4.00e-01,3.60e+00,
976,-2.60e+00,2.60e+00,2.00e-01,3.40e+00,
977,-2.40e+00,2.40e+00,4.00e-01,3.60e+00,
978,-2.40e+00,2.60e+00,2.00e-01,3.40e+00,
979,-2.60e+00,2.40e+00,6.00e-01,3.60e+00,
980,-2.40e+00,2.60e+00,6.00e-01,3.60e+00,
981,-2.60e+00,2.40e+00,2.00e-01,3.40e+00,
982,-2.40e+00,2.60e+00,6.00e-01,3.40e+00,
983,-2.60e+00,2.40e+00,2.00e-01,3.60e+00,
984,-2.60e+00,2.60e+00,4.00e-01,3.40e+00,
985,-2.40e+00,2.40e+00,6.00e-01,3.60e+00,
986,-2.40e+00,2.60e+00,6.00e-01,3.40e+00,
987,-2.80e+00,2.20e+00,4.00e-01,3.60e+00,
988,-2.80e+00,2.20e+00,6.00e-01,3.40e+00,
989,-2.40e+00,2.60e+00,4.00e-01,3.80e+00,
990,-2.40e+00,2.60e+00,4.00e-01,3.60e+00,
991,-2.80e+00,2.20e+00,8.00e-01,3.40e+00,
992,-2.80e+00,2.60e+00,8.00e-01,3.40e+00,
993,-2.40e+00,2.20e+00,4.00e-01,3.80e+00,
994,-2.80e+00,2.40e+00,8.00e-01,3.40e+00,
995,-2.40e+00,2.20e+00,6.00e-01,3.60e+00,
996,-2.80e+00,2.20e+00,8.00e-01,3.40e+00,
997,-2.40e+00,2.40e+00,6.00e-01,3.60e+00,
998,-2.80e+00,2.40e+00,8.00e-01,3.40e+00,
999,-2.40e+00,2.20e+00,6.00e-01,3.60e+00,
1000,-2.80e+00,2.20e+00,8.00e-01,3.40e+00,
1001,-2.60e+00,2.40e+00,6.00e-01,3.60e+00,
1002,-2.80e+00,2.40e+00,6.00e-01,3.40e+00,
1003,-2.60e+00,2.20e+00,1.20e+00,3.60e+00,
1004,-2.80e+00,2.40e+00,1.20e+00,3.40e+00,
1005,-2.60e+00,2.00e+00,6.00e-01,3.60e+00,
1006,-2.80e+00,2.40e+00,8.00e-01,3.40e+00,
1007,-2.60e+00,2.00e+00,1.20e+00,3.60e+00,
1008,-2.80e+00,2.40e+00,1.00e+00,3.40e+00,
1009,-2.60e+00,2.00e+00,1.20e+00,3.60e+00,
1010,-2.80e+00,2.00e+00,1.00e+00,3.40e+00,
1011,-2.60e+00,2.40e+00,1.20e+00,3.80e+00,
1012,-2.80e+00,2.00e+00,1.20e+00,3.60e+00,
1013,-2.60e+00,2.20e+00,1.00e+00,3.40e+00,
1014,-2.80e+00,2.20e+00,1.00e+00,3.40e+00,
1015,-2.60e+00,2.00e+00,1.40e+00,3.60e+00,
1016,-2.80e+00,2.00e+00,1.40e+00,3.40e+00,
1017,-2.60e+00,2.20e+00,1.00e+00,3.60e+00,
1018,-2.60e+00,2.00e+00,1.00e+00,3.60e+00,
1019,-2.80e+00,2.20e+00,1.40e+00,3.40e+00,
1020,-2.80e+00,2.20e+00,1.40e+00,3.40e+00,
1021,-2.60e+00,1.80e+00,1.20e+00,3.60e+00,
1022,-2.60e+00,2.20e+00,1.20e+00,3.60e+00,
1023,-2.80e+00,1.80e+00,1.40e+00,6.00e-01,
1024,-2.60e+00,2.20e+00,1.20e+00,6.00e-01,
1025,-3.00e+00,1.80e+00,1.40e+00,8.00e-01,
1026,-2.60e+00,1.80e+00,1.20e+00,8.00e-01,
1027,-3.00e+00,2.20e+00,1.60e+00,6.00e-01,
1028,-2.60e+00,1.80e+00,1.20e+00,8.00e-01,
1029,-3.00e+00,2.00e+00,1.60e+00,6.00e-01,
1030,-3.00e+00,1.80e+00,1.60e+00,8.00e-01,
1031,-2.60e+00,2.00e+00,1.20e+00,6.00e-01,
1032,-2.60e+00,2.00e+00,1.60e+00,6.00e-01,
1033,-3.00e+00,1.80e+00,1.40e+00,8.00e-01,
1034,-3.00e+00,1.80e+00,1.40e+00,8.00e-01,
1035,-2.60e+00,2.00e+00,1.60e+00,6.00e-01,
1036,-3.00e+00,2.00e+00,1.40e+00,6.00e-01,
1037,-2.60e+00,1.40e+00,1.60e+00,8.00e-01,
1038,-3.00e+00,2.00e+00,1.60e+00,6.00e-01,
1039,-2.60e+00,1.40e+00,1.40e+00,8.00e-01,
1040,-3.00e+00,1.80e+00,1.40e+00,6.00e-01,
1041,-2.60e+00,1.40e+00,1.80e+00,8.00e-01,
1042,-3.00e+00,1.60e+00,1.80e+00,8.00e-01,
1043,-2.60e+00,1.40e+00,1.40e+00,6.00e-01,
1044,-3.00e+00,1.60e+00,1.80e+00,8.00e-01,
1045,-2.60e+00,1.40e+00,1.40e+00,6.00e-01,
1046,-3.00e+00,1.60e+00,1.60e+00,8.00e-01,
1047,-2.60e+00,1.40e+00,1.80e+00,6.00e-01,
1048,-3.00e+00,1.60e+00,1.80e+00,6.00e-01,
1049,-2.60e+00,1.20e+00,1.60e+00,8.00e-01,
1050,-3.00e+00,1.60e+00,1.80e+00,6.00e-01,
1051,-2.60e+00,1.20e+00,1.60e+00,8.00e-01,
1052,-2.60e+00,1.60e+00,1.60e+00,6.00e-01,
1053,-3.00e+00,1.20e+00,1.80e+00,8.00e-01,
1054,-3.00e+00,1.40e+00,1.60e+00,6.00e-01,
1055,-2.60e+00,1.20e+00,2.20e+00,8.00e-01,
1056,-2.60e+00,1.40e+00,1.60e+00,8.00e-01,
1057,-3.00e+00,1.20e+00,2.20e+00,6.00e-01,
1058,-2.60e+00,1.40e+00,1.60e+00,6.00e-01,
1059,-3.00e+00,1.20e+00,2.20e+00,8.00e-01,
1060,-2.60e+00,1.40e+00,2.00e+00,6.00e-01,
1061,-2.80e+00,1.20e+00,2.20e+00,8.00e-01,
1062,-2.60e+00,1.40e+00,2.00e+00,8.00e-01,
1063,-3.00e+00,1.00e+00,2.20e+00,6.00e-01,
1064,-2.80e+00,1.40e+00,2.00e+00,6.00e-01,
1065,-2.60e+00,1.00e+00,2.20e+00,8.00e-01,
1066,-2.60e+00,1.00e+00,2.00e+00,6.00e-01,
1067,-2.80e+00,1.40e+00,2.20e+00,8.00e-01,
1068,-2.60e+00,1.20e+00,2.00e+00,6.00e-01,
1069,-2.80e+00,1.00e+00,2.40e+00,8.00e-01,
1070,-2.80e+00,1.00e+00,2.00e+00,8.00e-01,
1071,-2.60e+00,1.20e+00,2.40e+00,6.00e-01,
1072,-2.80e+00,1.20e+00,2.00e+00,8.00e-01,
1073,-2.60e+00,1.00e+00,2.40e+00,6.00e-01,
1074,-2.80e+00,1.20e+00,2.20e+00,8.00e-01,
1075,-2.60e+00,8.00e-01,2.40e+00,6.00e-01,
1076,-2.80e+00,8.00e-01,2.20e+00,8.00e-01,
1077,-2.60e+00,1.20e+00,2.40e+00,6.00e-01,
1078,-2.80e+00,8.00e-01,2.20e+00,8.00e-01,
1079,-2.60e+00,1.20e+00,2.40e+00,6.00e-01,
1080,-2.60e+00,1.00e+00,2.40e+00,8.00e-01,
1081,-2.80e+00,8.00e-01,2.20e+00,6.00e-01,
1082,-2.80e+00,8.00e-01,2.20e+00,6.00e-01,
1083,-2.60e+00,1.00e+00,2.40e+00,8.00e-01,
1084,-2.80e+00,8.00e-01,2.20e+00,8.00e-01,
1085,-2.60e+00,1.00e+00,2.60e+00,6.00e-01,
1086,-2.80e+00,1.00e+00,2.20e+00,8.00e-01,
1087,-2.60e+00,6.00e-01,2.60e+00,6.00e-01,
1088,-2.80e+00,6.00e-01,2.20e+00,8.00e-01,
1089,-2.60e+00,1.00e+00,2.60e+00,6.00e-01,
1090,-2.60e+00,6.00e-01,2.20e+00,8.00e-01,
1091,-2.80e+00,1.00e+00,2.60e+00,6.00e-01,
1092,-2.80e+00,6.00e-01,2.40e+00,6.00e-01,
1093,-2.40e+00,8.00e-01,2.60e+00,8.00e-01,
1094,-2.40e+00,6.00e-01,2.40e+00,6.00e-01,
1095,-2.80e+00,8.00e-01,2.60e+00,8.00e-01,
1096,-2.80e+00,8.00e-01,2.40e+00,8.00e-01,
1097,-2.40e+00,4.00e-01,2.60e+00,6.00e-01,
1098,-2.80e+00,6.00e-01,2.60e+00,6.00e-01,
1099,-2.40e+00,2.00e-01,2.40e+00,8.00e-01,
1100,-2.40e+00,8.00e-01,2.60e+00,8.00e-01,
1101,-2.80e+00,2.00e-01,2.40e+00,6.00e-01,
1102,-2.40e+00,4.00e-01,2.60e+00,8.00e-01,
1103,-2.60e+00,2.00e-01,2.40e+00,6.00e-01,
1104,-2.60e+00,4.00e-01,2.40e+00,8.00e-01,
1105,-2.40e+00,2.00e-01,2.80e+00,6.00e-01,
1106,-2.40e+00,4.00e-01,2.80e+00,8.00e-01,
1107,-2.60e+00,2.00e-01,2.40e+00,6.00e-01,
1108,-2.40e+00,4.00e-01,2.80e+00,6.00e-01,
1109,-2.60e+00,0.00e+00,2.40e+00,8.00e-01,
1110,-2.60e+00,4.00e-01,2.80e+00,8.00e-01,
1111,-2.40e+00,0.00e+00,2.40e+00,6.00e-01,
1112,-2.60e+00,4.00e-01,2.80e+00,6.00e-01,
1113,-2.40e+00,0.00e+00,2.60e+00,8.00e-01,
1114,-2.60e+00,0.00e+00,2.60e+00,8.00e-01,
1115,-2.40e+00,2.00e-01,2.80e+00,6.00e-01,
1116,-2.40e+00,2.00e-01,2.80e+00,8.00e-01,
1117,-2.60e+00,0.00e+00,2.60e+00,6.00e-01,
1118,-2.60e+00,2.00e-01,2.80e+00,8.00e-01,
1119,-2.20e+00,0.00e+00,2.60e+00,6.00e-01,
1120,-2.60e+00,2.00e-01,2.60e+00,8.00e-01,
1121,-2.20e+00,-2.00e-01,2.80e+00,6.00e-01,
1122,-2.20e+00,-2.00e-01,2.80e+00,8.00e-01,
1123,-2.60e+00,2.00e-01,2.60e+00,6.00e-01,
1124,-2.60e+00,2.00e-01,2.80e+00,8.00e-01,
1125,-2.20e+00,-2.00e-01,2.60e+00,6.00e-01,
1126,-2.20e+00,0.00e+00,2.60e+00,6.00e-01,
1127,-2.40e+00,-2.00e-01,3.00e+00,8.00e-01,
1128,-2.20e+00,-2.00e-01,2.60e+00,8.00e-01,
1129,-2.40e+00,0.00e+00,3.00e+00,6.00e-01,
1130,-2.20e+00,0.00e+00,3.00e+00,8.00e-01,
1131,-2.40e+00,-4.00e-01,2.60e+00,6.00e-01,
1132,-2.20e+00,0.00e+00,3.00e+00,6.00e-01,
1133,-2.40e+00,-4.00e-01,2.60e+00,8.00e-01,
1134,-2.20e+00,0.00e+00,3.00e+00,8.00e-01,
1135,-2.40e+00,-4.00e-01,2.60e+00,6.00e-01,
1136,-2.20e+00,0.00e+00,3.00e+00,6.00e-01,
1137,-2.40e+00,-4.00e-01,2.80e+00,8.00e-01,
1138,-2.40e+00,-4.00e-01,3.00e+00,6.00e-01,
1139,-2.00e+00,-2.00e-01,3.00e+00,8.00e-01,
1140,-2.00e+00,-4.00e-01,3.00e+00,6.00e-01,
1141,-2.40e+00,-2.00e-01,3.00e+00,8.00e-01,
1142,-2.00e+00,-2.00e-01,3.00e+00,8.00e-01,
1143,-2.40e+00,-6.00e-01,3.00e+00,6.00e-01,
1144,-2.00e+00,-2.00e-01,3.00e+00,8.00e-01,
1145,-2.20e+00,-8.00e-01,3.00e+00,6.00e-01,
1146,-2.00e+00,-8.00e-01,3.00e+00,8.00e-01,
1147,-2.20e+00,-2.00e-01,2.80e+00,6.00e-01,
1148,-2.00e+00,-8.00e-01,3.00e+00,8.00e-01,
1149,-2.20e+00,-2.00e-01,2.80e+00,6.00e-01,
1150,-2.00e+00,-6.00e-01,3.00e+00,8.00e-01,
1151,-2.20e+00,-8.00e-01,3.00e+00,6.00e-01,
1152,-2.00e+00,-6.00e-01,3.00e+00,8.00e-01,
1153,-2.20e+00,-8.00e-01,3.00e+00,6.00e-01,
1154,-2.20e+00,-6.00e-01,3.00e+00,8.00e-01,
1155,-1.60e+00,-8.00e-01,3.00e+00,6.00e-01,
1156,-2.20e+00,-6.00e-01,3.00e+00,6.00e-01,
1157,-1.60e+00,-1.00e+00,2.80e+00,8.00e-01,
1158,-1.60e+00,-1.00e+00,2.80e+00,8.00e-01,
1159,-2.20e+00,-6.00e-01,3.40e+00,6.00e-01,
1160,-1.60e+00,-1.00e+00,3.00e+00,6.00e-01,
1161,-2.00e+00,-6.00e-01,3.00e+00,8.00e-01,
1162,-1.80e+00,-8.00e-01,3.00e+00,8.00e-01,
1163,-1.60e+00,-1.00e+00,3.00e+00,6.00e-01,
1164,-1.60e+00,-8.00e-01,3.00e+00,8.00e-01,
1165,-1.80e+00,-1.00e+00,3.40e+00,6.00e-01,
1166,-1.60e+00,-1.00e+00,3.40e+00,6.00e-01,
1167,-1.80e+00,-8.00e-01,2.80e+00,8.00e-01,
1168,-1.80e+00,-8.00e-01,3.00e+00,8.00e-01,
1169,-1.60e+00,-1.20e+00,3.40e+00,6.00e-01,
1170,-1.80e+00,-8.00e-01,3.00e+00,8.00e-01,
1171,-1.40e+00,-1.20e+00,3.40e+00,6.00e-01,
1172,-1.80e+00,-1.20e+00,3.40e+00,6.00e-01,
1173,-1.40e+00,-8.00e-01,3.00e+00,8.00e-01,
1174,-1.80e+00,-1.00e+00,3.00e+00,6.00e-01,
1175,-1.40e+00,-1.20e+00,3.40e+00,8.00e-01,
1176,-1.60e+00,-1.20e+00,3.00e+00,8.00e-01,
1177,-1.40e+00,-1.00e+00,3.40e+00,6.00e-01,
1178,-1.40e+00,-1.00e+00,3.40e+00,8.00e-01,
1179,-1.60e+00,-1.20e+00,2.80e+00,6.00e-01,
1180,-1.40e+00,-1.00e+00,2.80e+00,8.00e-01,
1181,-1.60e+00,-1.40e+00,3.40e+00,6.00e-01,
1182,-1.60e+00,-1.00e+00,3.00e+00,6.00e-01,
1183,-1.40e+00,-1.40e+00,3.40e+00,8.00e-01,
1184,-1.60e+00,-1.00e+00,3.00e+00,6.00e-01,
1185,-1.20e+00,-1.40e+00,3.40e+00,8.00e-01,
1186,-1.20e+00,-1.40e+00,3.00e+00,6.00e-01,
1187,-1.60e+00,-1.20e+00,3.40e+00,8.00e-01,
1188,-1.20e+00,-1.40e+00,3.40e+00,8.00e-01,
1189,-1.60e+00,-1.20e+00,2.80e+00,6.00e-01,
1190,-1.40e+00,-1.40e+00,3.40e+00,8.00e-01,
1191,-1.20e+00,-1.20e+00,2.80e+00,6.00e-01,
1192,-1.20e+00,-1.20e+00,3.00e+00,6.00e-01,
1193,-1.40e+00,-1.40e+00,3.40e+00,8.00e-01,
1194,-1.40e+00,-1.20e+00,3.00e+00,8.00e-01,
1195,-1.20e+00,-1.60e+00,3.40e+00,6.00e-01,
1196,-1.40e+00,-1.60e+00,3.00e+00,8.00e-01,
1197,-1.00e+00,-1.20e+00,3.40e+00,6.00e-01,
1198,-1.40e+00,-1.20e+00,3.00e+00,8.00e-01,
1199,-1.00e+00,-1.80e+00,3.40e+00,6.00e-01,
