X,CH1,CH2,CH3,CH4,Start,Increment,
Sequence,Volt,Volt,Volt,Volt,-1.204000e-02,2.000000e-05
0,1.20e+00,4.80e+00,8.00e-01,3.40e+00,
1,8.00e-01,4.60e+00,6.00e-01,3.80e+00,
2,1.00e+00,4.80e+00,8.00e-01,3.40e+00,
3,8.00e-01,4.60e+00,6.00e-01,3.80e+00,
4,1.00e+00,4.80e+00,8.00e-01,3.40e+00,
5,8.00e-01,4.60e+00,6.00e-01,3.80e+00,
6,1.00e+00,4.80e+00,8.00e-01,3.40e+00,
7,8.00e-01,4.60e+00,6.00e-01,3.80e+00,
8,1.00e+00,4.80e+00,8.00e-01,3.40e+00,
9,6.00e-01,4.60e+00,6.00e-01,3.80e+00,
10,6.00e-01,4.60e+00,6.00e-01,3.40e+00,
11,1.00e+00,4.80e+00,1.20e+00,3.80e+00,
12,1.00e+00,4.80e+00,6.00e-01,3.40e+00,
13,6.00e-01,4.60e+00,1.20e+00,3.80e+00,
14,6.00e-01,4.80e+00,1.20e+00,3.40e+00,
15,8.00e-01,4.60e+00,6.00e-01,3.80e+00,
16,8.00e-01,4.80e+00,8.00e-01,3.80e+00,
17,6.00e-01,4.60e+00,1.20e+00,3.40e+00,
18,8.00e-01,4.80e+00,1.00e+00,3.40e+00,
19,6.00e-01,4.60e+00,1.20e+00,3.80e+00,
20,6.00e-01,4.80e+00,1.00e+00,3.80e+00,
21,8.00e-01,4.60e+00,1.20e+00,3.40e+00,
22,8.00e-01,4.80e+00,1.00e+00,3.80e+00,
23,6.00e-01,4.60e+00,1.20e+00,3.40e+00,
24,8.00e-01,4.80e+00,1.00e+00,3.40e+00,
25,4.00e-01,4.60e+00,1.20e+00,3.80e+00,
26,4.00e-01,4.80e+00,1.00e+00,3.80e+00,
27,8.00e-01,4.60e+00,1.20e+00,3.40e+00,
28,4.00e-01,4.80e+00,1.40e+00,3.40e+00,
29,8.00e-01,4.60e+00,1.00e+00,3.80e+00,
30,8.00e-01,4.80e+00,1.00e+00,3.40e+00,
31,4.00e-01,4.60e+00,1.40e+00,3.80e+00,
32,4.00e-01,4.80e+00,1.00e+00,3.80e+00,
33,6.00e-01,4.60e+00,1.40e+00,3.40e+00,
34,6.00e-01,4.80e+00,1.20e+00,3.40e+00,
35,4.00e-01,4.60e+00,1.40e+00,3.80e+00,
36,6.00e-01,4.80e+00,1.40e+00,3.80e+00,
37,4.00e-01,4.60e+00,1.20e+00,3.40e+00,
38,4.00e-01,4.80e+00,1.20e+00,3.80e+00,
39,6.00e-01,4.60e+00,1.40e+00,3.40e+00,
40,4.00e-01,4.80e+00,1.20e+00,3.40e+00,
41,6.00e-01,4.60e+00,1.60e+00,3.80e+00,
42,4.00e-01,4.80e+00,1.20e+00,3.40e+00,
43,6.00e-01,4.60e+00,1.60e+00,3.80e+00,
44,4.00e-01,4.80e+00,1.20e+00,3.80e+00,
45,6.00e-01,4.60e+00,1.60e+00,3.40e+00,
46,4.00e-01,4.80e+00,1.60e+00,3.40e+00,
47,6.00e-01,4.60e+00,1.40e+00,3.80e+00,
48,4.00e-01,4.80e+00,1.40e+00,3.80e+00,
49,6.00e-01,4.60e+00,1.60e+00,3.40e+00,
50,6.00e-01,4.60e+00,1.40e+00,3.40e+00,
51,2.00e-01,4.80e+00,1.60e+00,3.80e+00,
52,6.00e-01,4.80e+00,1.40e+00,3.40e+00,
53,2.00e-01,4.60e+00,1.80e+00,3.80e+00,
54,6.00e-01,4.80e+00,1.40e+00,3.40e+00,
55,0.00e+00,4.60e+00,1.80e+00,3.80e+00,
56,6.00e-01,4.80e+00,1.80e+00,3.40e+00,
57,0.00e+00,4.60e+00,1.40e+00,3.80e+00,
58,2.00e-01,4.80e+00,1.60e+00,3.40e+00,
59,6.00e-01,4.60e+00,1.80e+00,3.80e+00,
60,2.00e-01,4.80e+00,1.80e+00,3.80e+00,
61,6.00e-01,4.60e+00,1.60e+00,3.40e+00,
62,2.00e-01,4.80e+00,1.80e+00,3.40e+00,
63,6.00e-01,4.60e+00,1.60e+00,3.80e+00,
64,2.00e-01,4.60e+00,1.60e+00,3.40e+00,
65,6.00e-01,4.80e+00,2.20e+00,3.80e+00,
66,6.00e-01,4.80e+00,1.60e+00,3.40e+00,
67,0.00e+00,4.60e+00,2.20e+00,3.80e+00,
68,4.00e-01,4.80e+00,2.00e+00,3.40e+00,
69,0.00e+00,4.60e+00,2.20e+00,3.80e+00,
70,2.00e-01,4.60e+00,2.00e+00,3.80e+00,
71,2.00e-01,4.80e+00,2.20e+00,3.40e+00,
72,2.00e-01,4.80e+00,2.00e+00,3.80e+00,
73,2.00e-01,4.60e+00,2.20e+00,3.40e+00,
74,2.00e-01,4.80e+00,2.00e+00,3.40e+00,
75,2.00e-01,4.60e+00,2.40e+00,3.80e+00,
76,2.00e-01,4.80e+00,2.00e+00,3.40e+00,
77,0.00e+00,4.60e+00,2.40e+00,3.80e+00,
78,2.00e-01,4.80e+00,2.20e+00,3.40e+00,
79,0.00e+00,4.60e+00,2.40e+00,3.80e+00,
80,2.00e-01,4.80e+00,2.20e+00,3.80e+00,
81,2.00e-01,4.60e+00,2.40e+00,3.40e+00,
82,2.00e-01,4.80e+00,2.40e+00,3.40e+00,
83,2.00e-01,4.60e+00,2.20e+00,3.80e+00,
84,2.00e-01,4.80e+00,2.20e+00,3.40e+00,
85,2.00e-01,4.60e+00,2.60e+00,3.80e+00,
86,2.00e-01,4.60e+00,2.60e+00,3.40e+00,
87,0.00e+00,4.80e+00,2.20e+00,3.80e+00,
88,2.00e-01,4.80e+00,2.60e+00,3.40e+00,
89,0.00e+00,4.60e+00,2.40e+00,3.80e+00,
90,2.00e-01,4.80e+00,2.60e+00,3.40e+00,
91,2.00e-01,4.60e+00,2.40e+00,3.80e+00,
92,2.00e-01,4.80e+00,2.40e+00,3.40e+00,
93,2.00e-01,4.60e+00,2.80e+00,3.80e+00,
94,2.00e-01,4.80e+00,2.40e+00,3.40e+00,
95,2.00e-01,4.60e+00,2.80e+00,3.80e+00,
96,2.00e-01,4.80e+00,2.80e+00,3.40e+00,
97,0.00e+00,4.60e+00,2.40e+00,3.80e+00,
98,2.00e-01,4.80e+00,2.80e+00,3.80e+00,
99,0.00e+00,4.60e+00,2.60e+00,3.40e+00,
100,2.00e-01,4.80e+00,2.60e+00,3.40e+00,
101,0.00e+00,4.60e+00,2.80e+00,3.80e+00,
102,2.00e-01,4.80e+00,2.60e+00,3.40e+00,
103,2.00e-01,4.60e+00,3.00e+00,3.80e+00,
104,2.00e-01,4.80e+00,3.00e+00,3.40e+00,
105,2.00e-01,4.60e+00,2.60e+00,3.80e+00,
106,2.00e-01,4.80e+00,3.00e+00,3.40e+00,
107,2.00e-01,4.60e+00,2.80e+00,3.80e+00,
108,2.00e-01,4.80e+00,3.00e+00,3.80e+00,
109,0.00e+00,4.60e+00,3.00e+00,3.40e+00,
110,2.00e-01,4.80e+00,3.00e+00,3.80e+00,
111,0.00e+00,4.60e+00,2.80e+00,3.40e+00,
112,2.00e-01,4.80e+00,2.80e+00,3.40e+00,
113,2.00e-01,4.60e+00,3.40e+00,3.80e+00,
114,2.00e-01,4.80e+00,3.00e+00,3.40e+00,
115,2.00e-01,4.60e+00,3.40e+00,3.80e+00,
116,2.00e-01,4.80e+00,3.20e+00,3.80e+00,
117,2.00e-01,4.60e+00,3.40e+00,3.40e+00,
118,2.00e-01,4.80e+00,3.20e+00,3.40e+00,
119,2.00e-01,4.60e+00,3.40e+00,3.80e+00,
120,2.00e-01,4.80e+00,3.40e+00,3.80e+00,
121,2.00e-01,4.60e+00,3.20e+00,3.40e+00,
122,2.00e-01,4.80e+00,3.20e+00,3.40e+00,
123,0.00e+00,4.60e+00,3.60e+00,3.80e+00,
124,2.00e-01,4.80e+00,3.60e+00,3.40e+00,
125,2.00e-01,4.60e+00,3.20e+00,3.80e+00,
126,2.00e-01,4.80e+00,3.40e+00,3.80e+00,
127,2.00e-01,4.60e+00,3.60e+00,3.40e+00,
128,2.00e-01,4.80e+00,3.60e+00,3.80e+00,
129,2.00e-01,4.60e+00,3.40e+00,8.00e-01,
130,2.00e-01,4.80e+00,3.40e+00,8.00e-01,
131,2.00e-01,4.40e+00,3.60e+00,6.00e-01,
132,2.00e-01,4.60e+00,3.40e+00,6.00e-01,
133,0.00e+00,4.40e+00,3.80e+00,8.00e-01,
134,2.00e-01,4.60e+00,3.80e+00,6.00e-01,
135,2.00e-01,4.40e+00,3.40e+00,8.00e-01,
136,2.00e-01,4.60e+00,3.80e+00,6.00e-01,
137,2.00e-01,4.40e+00,3.60e+00,8.00e-01,
138,2.00e-01,4.40e+00,3.60e+00,6.00e-01,
139,2.00e-01,4.60e+00,4.00e+00,8.00e-01,
140,2.00e-01,4.60e+00,4.00e+00,6.00e-01,
141,2.00e-01,4.40e+00,3.60e+00,8.00e-01,
142,2.00e-01,4.60e+00,3.80e+00,8.00e-01,
143,2.00e-01,4.40e+00,4.00e+00,6.00e-01,
144,2.00e-01,4.40e+00,3.80e+00,6.00e-01,
145,0.00e+00,4.60e+00,4.00e+00,8.00e-01,
146,2.00e-01,4.60e+00,3.80e+00,6.00e-01,
147,0.00e+00,4.40e+00,4.20e+00,8.00e-01,
148,2.00e-01,4.60e+00,4.40e+00,6.00e-01,
149,2.00e-01,4.40e+00,3.80e+00,8.00e-01,
150,2.00e-01,4.60e+00,3.80e+00,8.00e-01,
151,2.00e-01,4.40e+00,4.40e+00,6.00e-01,
152,2.00e-01,4.40e+00,4.20e+00,8.00e-01,
153,2.00e-01,4.60e+00,4.40e+00,6.00e-01,
154,2.00e-01,4.40e+00,4.20e+00,8.00e-01,
155,0.00e+00,4.60e+00,4.40e+00,6.00e-01,
156,2.00e-01,4.60e+00,4.20e+00,8.00e-01,
157,0.00e+00,4.20e+00,4.40e+00,6.00e-01,
158,2.00e-01,4.20e+00,4.20e+00,8.00e-01,
159,2.00e-01,4.60e+00,4.60e+00,6.00e-01,
160,2.00e-01,4.60e+00,4.20e+00,8.00e-01,
161,2.00e-01,4.20e+00,4.60e+00,6.00e-01,
162,2.00e-01,4.60e+00,4.20e+00,6.00e-01,
163,2.00e-01,4.20e+00,4.60e+00,8.00e-01,
164,2.00e-01,4.20e+00,4.60e+00,6.00e-01,
165,0.00e+00,4.60e+00,4.20e+00,8.00e-01,
166,2.00e-01,4.40e+00,4.40e+00,8.00e-01,
167,0.00e+00,4.20e+00,4.60e+00,6.00e-01,
168,2.00e-01,4.20e+00,4.40e+00,8.00e-01,
169,2.00e-01,4.40e+00,4.60e+00,6.00e-01,
170,2.00e-01,4.20e+00,4.60e+00,8.00e-01,
171,2.00e-01,4.40e+00,4.40e+00,6.00e-01,
172,2.00e-01,4.40e+00,4.40e+00,8.00e-01,
173,2.00e-01,4.20e+00,4.60e+00,6.00e-01,
174,2.00e-01,4.40e+00,4.40e+00,8.00e-01,
175,0.00e+00,4.00e+00,4.80e+00,6.00e-01,
176,2.00e-01,4.40e+00,4.40e+00,6.00e-01,
177,0.00e+00,4.00e+00,4.80e+00,8.00e-01,
178,2.00e-01,4.00e+00,4.80e+00,8.00e-01,
179,2.00e-01,4.40e+00,4.40e+00,6.00e-01,
180,2.00e-01,4.20e+00,4.40e+00,8.00e-01,
181,2.00e-01,4.00e+00,4.80e+00,6.00e-01,
182,2.00e-01,4.00e+00,4.40e+00,8.00e-01,
183,2.00e-01,4.20e+00,4.80e+00,6.00e-01,
184,2.00e-01,4.00e+00,4.80e+00,8.00e-01,
185,2.00e-01,4.20e+00,4.40e+00,6.00e-01,
186,2.00e-01,4.00e+00,4.80e+00,6.00e-01,
187,0.00e+00,4.20e+00,4.40e+00,8.00e-01,
188,2.00e-01,4.20e+00,4.80e+00,8.00e-01,
189,0.00e+00,3.80e+00,4.60e+00,6.00e-01,
190,2.00e-01,4.20e+00,4.60e+00,6.00e-01,
191,2.00e-01,3.60e+00,4.80e+00,8.00e-01,
192,2.00e-01,4.20e+00,4.80e+00,8.00e-01,
193,2.00e-01,3.60e+00,4.60e+00,6.00e-01,
194,2.00e-01,3.80e+00,4.60e+00,8.00e-01,
195,2.00e-01,3.60e+00,4.80e+00,6.00e-01,
196,2.00e-01,3.80e+00,4.80e+00,8.00e-01,
197,0.00e+00,3.60e+00,4.60e+00,6.00e-01,
198,2.00e-01,3.60e+00,4.80e+00,8.00e-01,
199,0.00e+00,3.80e+00,4.60e+00,6.00e-01,
200,2.00e-01,3.80e+00,4.60e+00,8.00e-01,
201,0.00e+00,3.40e+00,4.80e+00,6.00e-01,
202,2.00e-01,3.80e+00,4.60e+00,8.00e-01,
203,2.00e-01,3.40e+00,5.00e+00,6.00e-01,
204,2.00e-01,3.80e+00,4.60e+00,8.00e-01,
205,2.00e-01,3.40e+00,5.00e+00,6.00e-01,
206,2.00e-01,3.40e+00,5.00e+00,8.00e-01,
207,2.00e-01,3.60e+00,4.60e+00,6.00e-01,
208,2.00e-01,3.40e+00,4.60e+00,8.00e-01,
209,0.00e+00,3.60e+00,5.00e+00,6.00e-01,
210,2.00e-01,3.60e+00,5.00e+00,6.00e-01,
211,0.00e+00,3.40e+00,4.60e+00,8.00e-01,
212,2.00e-01,3.60e+00,5.00e+00,8.00e-01,
213,2.00e-01,3.20e+00,4.60e+00,6.00e-01,
214,2.00e-01,3.60e+00,4.60e+00,6.00e-01,
215,2.00e-01,3.20e+00,5.00e+00,8.00e-01,
216,2.00e-01,3.20e+00,4.60e+00,8.00e-01,
217,2.00e-01,3.60e+00,5.00e+00,6.00e-01,
218,2.00e-01,3.20e+00,4.60e+00,8.00e-01,
219,2.00e-01,3.40e+00,5.00e+00,6.00e-01,
220,2.00e-01,3.40e+00,5.00e+00,6.00e-01,
221,0.00e+00,3.20e+00,4.60e+00,8.00e-01,
222,2.00e-01,3.40e+00,5.00e+00,8.00e-01,
223,0.00e+00,3.00e+00,4.60e+00,6.00e-01,
224,2.00e-01,3.40e+00,5.00e+00,8.00e-01,
225,2.00e-01,3.00e+00,4.60e+00,6.00e-01,
226,2.00e-01,3.00e+00,5.00e+00,8.00e-01,
227,2.00e-01,3.40e+00,4.60e+00,6.00e-01,
228,2.00e-01,3.00e+00,5.00e+00,8.00e-01,
229,2.00e-01,3.20e+00,4.60e+00,6.00e-01,
230,2.00e-01,3.20e+00,5.00e+00,8.00e-01,
231,2.00e-01,3.00e+00,4.80e+00,6.00e-01,
232,2.00e-01,3.20e+00,5.00e+00,6.00e-01,
233,0.00e+00,2.80e+00,4.80e+00,8.00e-01,
234,2.00e-01,2.80e+00,5.00e+00,8.00e-01,
235,2.00e-01,3.20e+00,4.80e+00,6.00e-01,
236,2.00e-01,2.80e+00,5.00e+00,8.00e-01,
237,2.00e-01,3.20e+00,4.80e+00,6.00e-01,
238,2.00e-01,2.80e+00,5.00e+00,8.00e-01,
239,2.00e-01,3.00e+00,4.80e+00,6.00e-01,
240,2.00e-01,2.80e+00,5.00e+00,6.00e-01,
241,2.00e-01,3.00e+00,4.80e+00,8.00e-01,
242,2.00e-01,3.00e+00,5.00e+00,6.00e-01,
243,0.00e+00,2.40e+00,4.80e+00,8.00e-01,
244,2.00e-01,3.00e+00,4.80e+00,8.00e-01,
245,2.00e-01,2.40e+00,5.00e+00,6.00e-01,
246,2.00e-01,2.40e+00,4.80e+00,8.00e-01,
247,2.00e-01,2.80e+00,5.00e+00,6.00e-01,
248,2.00e-01,2.60e+00,5.00e+00,6.00e-01,
249,2.00e-01,2.40e+00,4.80e+00,8.00e-01,
250,2.00e-01,2.60e+00,5.00e+00,8.00e-01,
251,2.00e-01,2.40e+00,4.80e+00,6.00e-01,
252,2.00e-01,2.60e+00,5.00e+00,8.00e-01,
253,0.00e+00,2.20e+00,4.80e+00,6.00e-01,
254,2.00e-01,2.60e+00,5.00e+00,6.00e-01,
255,0.00e+00,2.20e+00,4.80e+00,8.00e-01,
256,2.00e-01,2.40e+00,5.00e+00,8.00e-01,
257,2.00e-01,2.20e+00,4.80e+00,6.00e-01,
258,2.00e-01,2.40e+00,5.00e+00,8.00e-01,
259,2.00e-01,2.20e+00,4.80e+00,6.00e-01,
260,2.00e-01,2.40e+00,4.80e+00,8.00e-01,
261,2.00e-01,2.20e+00,5.00e+00,6.00e-01,
262,2.00e-01,2.40e+00,5.00e+00,8.00e-01,
263,2.00e-01,2.00e+00,4.80e+00,6.00e-01,
264,2.00e-01,2.40e+00,5.00e+00,8.00e-01,
265,0.00e+00,2.00e+00,4.80e+00,6.00e-01,
266,2.00e-01,2.00e+00,4.80e+00,8.00e-01,
267,0.00e+00,2.20e+00,5.00e+00,6.00e-01,
268,2.00e-01,2.20e+00,5.00e+00,8.00e-01,
269,2.00e-01,2.00e+00,4.80e+00,6.00e-01,
270,2.00e-01,2.00e+00,5.00e+00,8.00e-01,
271,2.00e-01,2.20e+00,4.80e+00,6.00e-01,
272,2.00e-01,2.20e+00,5.00e+00,8.00e-01,
273,2.00e-01,1.80e+00,4.80e+00,6.00e-01,
274,2.00e-01,1.80e+00,5.00e+00,6.00e-01,
275,0.00e+00,2.20e+00,4.80e+00,8.00e-01,
276,2.00e-01,1.80e+00,4.80e+00,6.00e-01,
277,0.00e+00,2.00e+00,5.00e+00,8.00e-01,
278,2.00e-01,1.80e+00,5.00e+00,8.00e-01,
279,2.00e-01,2.00e+00,4.80e+00,6.00e-01,
280,2.00e-01,2.00e+00,5.00e+00,6.00e-01,
281,2.00e-01,1.60e+00,4.80e+00,8.00e-01,
282,2.00e-01,2.00e+00,5.00e+00,8.00e-01,
283,2.00e-01,1.40e+00,4.80e+00,6.00e-01,
284,2.00e-01,1.80e+00,5.00e+00,6.00e-01,
285,2.00e-01,1.40e+00,4.80e+00,8.00e-01,
286,2.00e-01,1.60e+00,4.80e+00,8.00e-01,
287,0.00e+00,1.40e+00,5.00e+00,6.00e-01,
288,2.00e-01,1.60e+00,4.80e+00,8.00e-01,
289,0.00e+00,1.40e+00,5.00e+00,6.00e-01,
290,2.00e-01,1.60e+00,5.00e+00,8.00e-01,
291,2.00e-01,1.20e+00,4.80e+00,6.00e-01,
292,2.00e-01,1.60e+00,5.00e+00,8.00e-01,
293,2.00e-01,1.20e+00,4.80e+00,6.00e-01,
294,2.00e-01,1.60e+00,5.00e+00,8.00e-01,
295,2.00e-01,1.20e+00,4.80e+00,6.00e-01,
296,2.00e-01,1.20e+00,5.00e+00,8.00e-01,
297,0.00e+00,1.40e+00,4.80e+00,6.00e-01,
298,0.00e+00,1.20e+00,5.00e+00,8.00e-01,
299,8.00e-01,1.40e+00,4.80e+00,6.00e-01,
300,4.00e-01,1.40e+00,4.80e+00,8.00e-01,
301,8.00e-01,1.00e+00,5.00e+00,6.00e-01,
302,8.00e-01,1.40e+00,5.00e+00,6.00e-01,
303,4.00e-01,1.00e+00,4.80e+00,8.00e-01,
304,8.00e-01,1.00e+00,4.80e+00,8.00e-01,
305,4.00e-01,1.20e+00,5.00e+00,6.00e-01,
306,8.00e-01,1.20e+00,5.00e+00,6.00e-01,
307,4.00e-01,1.00e+00,4.80e+00,8.00e-01,
308,8.00e-01,1.20e+00,5.00e+00,8.00e-01,
309,6.00e-01,8.00e-01,4.80e+00,6.00e-01,
310,8.00e-01,1.20e+00,4.80e+00,8.00e-01,
311,6.00e-01,8.00e-01,5.00e+00,6.00e-01,
312,6.00e-01,8.00e-01,5.00e+00,6.00e-01,
313,8.00e-01,1.20e+00,4.80e+00,8.00e-01,
314,8.00e-01,1.20e+00,4.80e+00,8.00e-01,
315,6.00e-01,8.00e-01,5.00e+00,6.00e-01,
316,6.00e-01,8.00e-01,5.00e+00,8.00e-01,
317,8.00e-01,1.00e+00,4.80e+00,6.00e-01,
318,6.00e-01,8.00e-01,5.00e+00,6.00e-01,
319,8.00e-01,1.00e+00,4.80e+00,8.00e-01,
320,6.00e-01,1.00e+00,5.00e+00,8.00e-01,
321,1.00e+00,8.00e-01,4.80e+00,6.00e-01,
322,6.00e-01,1.00e+00,5.00e+00,8.00e-01,
323,1.00e+00,8.00e-01,4.80e+00,6.00e-01,
324,1.00e+00,1.00e+00,4.80e+00,8.00e-01,
325,6.00e-01,6.00e-01,5.00e+00,6.00e-01,
326,6.00e-01,6.00e-01,5.00e+00,8.00e-01,
327,1.00e+00,1.00e+00,4.80e+00,6.00e-01,
328,1.00e+00,6.00e-01,5.00e+00,8.00e-01,
329,8.00e-01,1.00e+00,4.80e+00,6.00e-01,
330,8.00e-01,1.00e+00,5.00e+00,8.00e-01,
331,1.00e+00,6.00e-01,4.80e+00,6.00e-01,
332,8.00e-01,6.00e-01,4.80e+00,8.00e-01,
333,1.00e+00,8.00e-01,5.00e+00,6.00e-01,
334,1.00e+00,6.00e-01,4.80e+00,8.00e-01,
335,8.00e-01,8.00e-01,5.00e+00,6.00e-01,
336,8.00e-01,6.00e-01,4.80e+00,8.00e-01,
337,1.20e+00,6.00e-01,5.00e+00,6.00e-01,
338,1.20e+00,6.00e-01,5.00e+00,8.00e-01,
339,8.00e-01,8.00e-01,4.80e+00,6.00e-01,
340,8.00e-01,6.00e-01,5.00e+00,8.00e-01,
341,1.20e+00,8.00e-01,4.80e+00,6.00e-01,
342,1.20e+00,8.00e-01,4.80e+00,6.00e-01,
343,1.00e+00,6.00e-01,5.00e+00,8.00e-01,
344,1.20e+00,6.00e-01,4.80e+00,8.00e-01,
345,1.00e+00,8.00e-01,5.00e+00,6.00e-01,
346,1.20e+00,6.00e-01,5.00e+00,8.00e-01,
347,1.00e+00,8.00e-01,4.80e+00,6.00e-01,
348,1.00e+00,6.00e-01,5.00e+00,8.00e-01,
349,1.40e+00,2.00e-01,4.80e+00,6.00e-01,
350,1.00e+00,2.00e-01,5.00e+00,8.00e-01,
351,1.60e+00,8.00e-01,4.80e+00,6.00e-01,
352,1.60e+00,8.00e-01,5.00e+00,6.00e-01,
353,1.00e+00,2.00e-01,4.80e+00,8.00e-01,
354,1.40e+00,2.00e-01,4.80e+00,8.00e-01,
355,1.60e+00,8.00e-01,5.00e+00,6.00e-01,
356,1.40e+00,6.00e-01,5.00e+00,8.00e-01,
357,1.60e+00,2.00e-01,4.80e+00,6.00e-01,
358,1.40e+00,2.00e-01,4.80e+00,8.00e-01,
359,1.60e+00,6.00e-01,5.00e+00,6.00e-01,
360,1.40e+00,4.00e-01,4.80e+00,8.00e-01,
361,1.80e+00,2.00e-01,5.00e+00,6.00e-01,
362,1.80e+00,4.00e-01,5.00e+00,8.00e-01,
363,1.40e+00,2.00e-01,4.80e+00,6.00e-01,
364,1.80e+00,4.00e-01,5.00e+00,6.00e-01,
365,1.40e+00,2.00e-01,4.80e+00,8.00e-01,
366,1.60e+00,4.00e-01,5.00e+00,8.00e-01,
367,1.80e+00,2.00e-01,4.80e+00,6.00e-01,
368,1.80e+00,4.00e-01,5.00e+00,8.00e-01,
369,1.60e+00,2.00e-01,4.80e+00,6.00e-01,
370,1.60e+00,2.00e-01,5.00e+00,8.00e-01,
371,2.00e+00,4.00e-01,4.80e+00,6.00e-01,
372,1.60e+00,4.00e-01,5.00e+00,8.00e-01,
373,2.00e+00,2.00e-01,4.80e+00,6.00e-01,
374,1.60e+00,4.00e-01,4.80e+00,8.00e-01,
375,2.00e+00,2.00e-01,5.00e+00,6.00e-01,
376,2.00e+00,2.00e-01,4.80e+00,8.00e-01,
377,1.80e+00,4.00e-01,5.00e+00,6.00e-01,
378,1.80e+00,2.00e-01,5.00e+00,6.00e-01,
379,2.00e+00,4.00e-01,4.80e+00,8.00e-01,
380,1.80e+00,4.00e-01,5.00e+00,8.00e-01,
381,2.20e+00,2.00e-01,4.80e+00,6.00e-01,
382,2.20e+00,4.00e-01,4.80e+00,8.00e-01,
383,1.80e+00,2.00e-01,5.00e+00,6.00e-01,
384,2.20e+00,2.00e-01,5.00e+00,8.00e-01,
385,1.80e+00,4.00e-01,4.80e+00,6.00e-01,
386,2.20e+00,4.00e-01,5.00e+00,8.00e-01,
387,2.00e+00,2.00e-01,4.80e+00,6.00e-01,
388,2.20e+00,4.00e-01,4.80e+00,8.00e-01,
389,2.00e+00,2.00e-01,5.00e+00,6.00e-01,
390,2.00e+00,4.00e-01,5.00e+00,8.00e-01,
391,2.40e+00,2.00e-01,4.80e+00,6.00e-01,
392,2.00e+00,2.00e-01,4.80e+00,6.00e-01,
393,2.60e+00,4.00e-01,5.00e+00,8.00e-01,
394,2.60e+00,4.00e-01,5.00e+00,6.00e-01,
395,2.20e+00,2.00e-01,4.80e+00,8.00e-01,
396,2.40e+00,4.00e-01,5.00e+00,8.00e-01,
397,2.60e+00,2.00e-01,4.80e+00,6.00e-01,
398,2.40e+00,4.00e-01,5.00e+00,8.00e-01,
399,2.60e+00,2.00e-01,4.80e+00,6.00e-01,
400,2.40e+00,4.00e-01,5.00e+00,6.00e-01,
401,2.80e+00,2.00e-01,4.80e+00,8.00e-01,
402,2.80e+00,4.00e-01,4.80e+00,8.00e-01,
403,2.40e+00,2.00e-01,5.00e+00,6.00e-01,
404,2.60e+00,4.00e-01,5.00e+00,6.00e-01,
405,2.80e+00,2.00e-01,4.80e+00,8.00e-01,
406,2.60e+00,4.00e-01,5.00e+00,8.00e-01,
407,2.80e+00,2.00e-01,4.80e+00,6.00e-01,
408,2.60e+00,4.00e-01,5.00e+00,6.00e-01,
409,2.80e+00,2.00e-01,4.80e+00,1.00e+00,
410,2.60e+00,4.00e-01,5.00e+00,6.00e-01,
411,3.00e+00,2.00e-01,4.80e+00,1.00e+00,
412,3.00e+00,4.00e-01,5.00e+00,8.00e-01,
413,2.60e+00,0.00e+00,4.80e+00,6.00e-01,
414,3.00e+00,2.00e-01,5.00e+00,6.00e-01,
415,2.80e+00,4.00e-01,4.80e+00,1.00e+00,
416,2.80e+00,4.00e-01,5.00e+00,8.00e-01,
417,3.00e+00,2.00e-01,4.80e+00,6.00e-01,
418,2.80e+00,4.00e-01,4.80e+00,8.00e-01,
419,3.00e+00,0.00e+00,5.00e+00,6.00e-01,
420,2.80e+00,4.00e-01,5.00e+00,8.00e-01,
421,3.20e+00,0.00e+00,4.80e+00,6.00e-01,
422,2.80e+00,4.00e-01,4.80e+00,6.00e-01,
423,3.20e+00,0.00e+00,5.00e+00,8.00e-01,
424,3.00e+00,4.00e-01,5.00e+00,6.00e-01,
425,3.20e+00,2.00e-01,4.80e+00,8.00e-01,
426,3.20e+00,4.00e-01,5.00e+00,8.00e-01,
427,3.00e+00,2.00e-01,4.80e+00,6.00e-01,
428,3.00e+00,4.00e-01,5.00e+00,6.00e-01,
429,3.40e+00,0.00e+00,4.80e+00,8.00e-01,
430,3.00e+00,4.00e-01,5.00e+00,6.00e-01,
431,3.40e+00,0.00e+00,4.80e+00,1.00e+00,
432,3.40e+00,4.00e-01,5.00e+00,8.00e-01,
433,3.00e+00,0.00e+00,4.80e+00,6.00e-01,
434,3.20e+00,4.00e-01,5.00e+00,8.00e-01,
435,3.40e+00,0.00e+00,4.80e+00,6.00e-01,
436,3.40e+00,4.00e-01,5.00e+00,8.00e-01,
437,3.20e+00,0.00e+00,4.80e+00,6.00e-01,
438,3.20e+00,4.00e-01,5.00e+00,8.00e-01,
439,3.80e+00,0.00e+00,4.80e+00,6.00e-01,
440,3.80e+00,4.00e-01,5.00e+00,8.00e-01,
441,3.20e+00,0.00e+00,4.80e+00,6.00e-01,
442,3.20e+00,4.00e-01,5.00e+00,8.00e-01,
443,3.80e+00,0.00e+00,4.80e+00,6.00e-01,
444,3.60e+00,4.00e-01,5.00e+00,8.00e-01,
445,3.80e+00,0.00e+00,4.80e+00,6.00e-01,
446,3.60e+00,4.00e-01,4.80e+00,8.00e-01,
447,3.80e+00,0.00e+00,5.00e+00,6.00e-01,
448,3.60e+00,4.00e-01,5.00e+00,6.00e-01,
449,4.00e+00,0.00e+00,4.80e+00,8.00e-01,
450,3.60e+00,4.00e-01,5.00e+00,8.00e-01,
451,4.00e+00,0.00e+00,4.80e+00,6.00e-01,
452,3.60e+00,4.00e-01,5.00e+00,8.00e-01,
453,4.00e+00,2.00e-01,4.80e+00,6.00e-01,
454,3.80e+00,0.00e+00,5.00e+00,8.00e-01,
455,4.00e+00,4.00e-01,4.40e+00,6.00e-01,
456,3.80e+00,4.00e-01,4.80e+00,8.00e-01,
457,4.00e+00,0.00e+00,4.40e+00,6.00e-01,
458,3.80e+00,2.00e-01,4.40e+00,8.00e-01,
459,4.20e+00,4.00e-01,4.80e+00,6.00e-01,
460,4.20e+00,4.00e-01,4.40e+00,6.00e-01,
461,3.80e+00,2.00e-01,4.60e+00,1.00e+00,
462,3.80e+00,4.00e-01,4.60e+00,8.00e-01,
463,4.20e+00,0.00e+00,4.40e+00,6.00e-01,
464,4.20e+00,4.00e-01,4.40e+00,6.00e-01,
465,4.00e+00,0.00e+00,4.60e+00,8.00e-01,
466,4.20e+00,4.00e-01,4.40e+00,6.00e-01,
467,4.00e+00,2.00e-01,4.60e+00,8.00e-01,
468,4.00e+00,4.00e-01,4.40e+00,6.00e-01,
469,4.20e+00,0.00e+00,4.60e+00,1.00e+00,
470,4.00e+00,4.00e-01,4.40e+00,8.00e-01,
471,4.40e+00,0.00e+00,4.60e+00,6.00e-01,
472,4.40e+00,4.00e-01,4.60e+00,6.00e-01,
473,4.00e+00,2.00e-01,4.40e+00,8.00e-01,
474,4.40e+00,4.00e-01,4.60e+00,6.00e-01,
475,4.00e+00,2.00e-01,4.20e+00,1.00e+00,
476,4.00e+00,4.00e-01,4.20e+00,8.00e-01,
477,4.40e+00,2.00e-01,4.60e+00,6.00e-01,
478,4.40e+00,4.00e-01,4.20e+00,8.00e-01,
479,4.20e+00,2.00e-01,4.60e+00,6.00e-01,
480,4.40e+00,2.00e-01,4.20e+00,6.00e-01,
481,4.20e+00,4.00e-01,4.40e+00,1.00e+00,
482,4.40e+00,4.00e-01,4.20e+00,6.00e-01,
483,4.20e+00,0.00e+00,4.40e+00,8.00e-01,
484,4.40e+00,4.00e-01,4.40e+00,6.00e-01,
485,4.20e+00,2.00e-01,4.20e+00,1.00e+00,
486,4.40e+00,4.00e-01,4.20e+00,6.00e-01,
487,4.20e+00,0.00e+00,4.40e+00,1.00e+00,
488,4.20e+00,4.00e-01,4.20e+00,6.00e-01,
489,4.60e+00,2.00e-01,4.40e+00,8.00e-01,
490,4.20e+00,4.00e-01,4.40e+00,8.00e-01,
491,4.80e+00,0.00e+00,3.80e+00,6.00e-01,
492,4.20e+00,4.00e-01,3.80e+00,6.00e-01,
493,4.80e+00,0.00e+00,4.40e+00,1.00e+00,
494,4.80e+00,4.00e-01,4.20e+00,6.00e-01,
495,4.20e+00,0.00e+00,3.80e+00,1.00e+00,
496,4.80e+00,4.00e-01,3.80e+00,6.00e-01,
497,4.20e+00,2.00e-01,4.00e+00,1.00e+00,
498,4.20e+00,4.00e-01,4.00e+00,8.00e-01,
499,4.80e+00,2.00e-01,3.80e+00,6.00e-01,
500,4.20e+00,2.00e-01,4.00e+00,8.00e-01,
501,4.80e+00,4.00e-01,3.80e+00,6.00e-01,
502,4.40e+00,4.00e-01,4.00e+00,8.00e-01,
503,4.80e+00,2.00e-01,3.60e+00,6.00e-01,
504,4.80e+00,4.00e-01,3.60e+00,6.00e-01,
505,4.60e+00,2.00e-01,4.00e+00,8.00e-01,
506,4.60e+00,4.00e-01,4.00e+00,8.00e-01,
507,4.80e+00,0.00e+00,3.60e+00,6.00e-01,
508,4.60e+00,4.00e-01,3.60e+00,8.00e-01,
509,4.80e+00,0.00e+00,3.80e+00,6.00e-01,
510,4.60e+00,4.00e-01,3.60e+00,8.00e-01,
511,4.80e+00,0.00e+00,3.80e+00,6.00e-01,
512,4.80e+00,4.00e-01,3.80e+00,8.00e-01,
513,4.60e+00,0.00e+00,3.60e+00,6.00e-01,
514,4.60e+00,4.00e-01,3.80e+00,8.00e-01,
515,4.80e+00,0.00e+00,3.40e+00,6.00e-01,
516,4.60e+00,4.00e-01,3.80e+00,8.00e-01,
517,4.80e+00,0.00e+00,3.40e+00,6.00e-01,
518,4.60e+00,4.00e-01,3.60e+00,6.00e-01,
519,4.80e+00,0.00e+00,3.40e+00,1.00e+00,
520,4.60e+00,4.00e-01,3.60e+00,8.00e-01,
521,4.80e+00,0.00e+00,3.40e+00,6.00e-01,
522,4.60e+00,4.00e-01,3.60e+00,6.00e-01,
523,4.80e+00,0.00e+00,3.40e+00,8.00e-01,
524,4.60e+00,4.00e-01,3.60e+00,6.00e-01,
525,4.80e+00,0.00e+00,3.20e+00,1.00e+00,
526,4.60e+00,4.00e-01,3.20e+00,8.00e-01,
527,5.00e+00,0.00e+00,3.60e+00,6.00e-01,
528,4.60e+00,4.00e-01,3.20e+00,8.00e-01,
529,5.00e+00,2.00e-01,3.60e+00,6.00e-01,
530,4.60e+00,4.00e-01,3.20e+00,6.00e-01,
531,5.00e+00,0.00e+00,3.40e+00,1.00e+00,
532,4.60e+00,4.00e-01,3.40e+00,6.00e-01,
533,5.00e+00,0.00e+00,3.20e+00,1.00e+00,
534,4.60e+00,4.00e-01,3.40e+00,6.00e-01,
535,5.00e+00,0.00e+00,3.00e+00,8.00e-01,
536,4.60e+00,4.00e-01,3.40e+00,8.00e-01,
537,5.00e+00,0.00e+00,3.00e+00,6.00e-01,
538,4.60e+00,4.00e-01,3.40e+00,6.00e-01,
539,5.00e+00,0.00e+00,2.80e+00,1.00e+00,
540,4.60e+00,4.00e-01,3.00e+00,8.00e-01,
541,5.00e+00,0.00e+00,2.80e+00,6.00e-01,
542,4.60e+00,4.00e-01,3.00e+00,6.00e-01,
543,5.00e+00,0.00e+00,2.80e+00,8.00e-01,
544,5.00e+00,0.00e+00,3.00e+00,8.00e-01,
545,4.60e+00,4.00e-01,3.00e+00,6.00e-01,
546,4.60e+00,0.00e+00,3.00e+00,6.00e-01,
547,5.00e+00,4.00e-01,2.60e+00,1.00e+00,
548,4.60e+00,4.00e-01,3.00e+00,6.00e-01,
549,5.00e+00,0.00e+00,2.60e+00,1.00e+00,
550,4.60e+00,4.00e-01,2.80e+00,6.00e-01,
551,5.00e+00,0.00e+00,2.60e+00,1.00e+00,
552,4.60e+00,0.00e+00,2.80e+00,6.00e-01,
553,5.00e+00,4.00e-01,2.60e+00,1.00e+00,
554,4.60e+00,4.00e-01,2.80e+00,6.00e-01,
555,5.00e+00,0.00e+00,2.40e+00,1.00e+00,
556,4.60e+00,4.00e-01,2.40e+00,8.00e-01,
557,5.00e+00,0.00e+00,2.80e+00,6.00e-01,
558,5.00e+00,4.00e-01,2.40e+00,6.00e-01,
559,4.60e+00,0.00e+00,2.80e+00,1.00e+00,
560,5.00e+00,4.00e-01,2.40e+00,6.00e-01,
561,4.60e+00,0.00e+00,2.60e+00,1.00e+00,
562,4.60e+00,4.00e-01,2.60e+00,6.00e-01,
563,5.00e+00,0.00e+00,2.40e+00,1.00e+00,
564,4.60e+00,0.00e+00,2.60e+00,6.00e-01,
565,5.00e+00,4.00e-01,2.20e+00,1.00e+00,
566,5.00e+00,0.00e+00,2.20e+00,6.00e-01,
567,4.60e+00,4.00e-01,2.60e+00,1.00e+00,
568,4.60e+00,0.00e+00,2.20e+00,6.00e-01,
569,5.00e+00,4.00e-01,2.40e+00,1.00e+00,
570,4.60e+00,4.00e-01,2.20e+00,8.00e-01,
571,5.00e+00,0.00e+00,2.40e+00,6.00e-01,
572,5.00e+00,4.00e-01,2.20e+00,6.00e-01,
573,4.60e+00,0.00e+00,2.40e+00,1.00e+00,
574,5.00e+00,0.00e+00,2.40e+00,8.00e-01,
575,4.60e+00,4.00e-01,2.00e+00,6.00e-01,
576,4.60e+00,4.00e-01,2.00e+00,8.00e-01,
577,5.00e+00,0.00e+00,2.40e+00,6.00e-01,
578,5.00e+00,0.00e+00,2.00e+00,6.00e-01,
579,4.60e+00,4.00e-01,2.20e+00,1.00e+00,
580,4.60e+00,4.00e-01,2.00e+00,8.00e-01,
581,5.00e+00,0.00e+00,2.20e+00,6.00e-01,
582,5.00e+00,4.00e-01,2.20e+00,8.00e-01,
583,4.60e+00,0.00e+00,2.00e+00,6.00e-01,
584,5.00e+00,4.00e-01,2.20e+00,6.00e-01,
585,4.60e+00,0.00e+00,1.60e+00,8.00e-01,
586,4.60e+00,4.00e-01,1.60e+00,6.00e-01,
587,5.00e+00,0.00e+00,2.20e+00,1.00e+00,
588,5.00e+00,4.00e-01,1.80e+00,8.00e-01,
589,4.60e+00,0.00e+00,1.60e+00,6.00e-01,
590,4.60e+00,0.00e+00,1.80e+00,6.00e-01,
591,5.00e+00,4.00e-01,1.60e+00,1.00e+00,
592,5.00e+00,4.00e-01,1.80e+00,6.00e-01,
593,4.60e+00,0.00e+00,1.60e+00,1.00e+00,
594,5.00e+00,4.00e-01,1.80e+00,6.00e-01,
595,4.60e+00,0.00e+00,1.40e+00,1.00e+00,
596,5.00e+00,4.00e-01,1.80e+00,8.00e-01,
597,4.60e+00,0.00e+00,1.40e+00,6.00e-01,
598,4.60e+00,4.00e-01,1.60e+00,8.00e-01,
599,5.00e+00,0.00e+00,1.40e+00,6.00e-01,
600,5.00e+00,4.00e-01,1.40e+00,6.00e-01,
601,4.60e+00,0.00e+00,1.60e+00,2.00e+00,
602,4.60e+00,2.00e-01,1.60e+00,2.20e+00,
603,5.00e+00,6.00e-01,1.20e+00,3.80e+00,
604,5.00e+00,6.00e-01,1.60e+00,3.80e+00,
605,4.60e+00,8.00e-01,1.20e+00,3.40e+00,
606,5.00e+00,6.00e-01,1.20e+00,3.80e+00,
607,4.60e+00,8.00e-01,1.60e+00,3.40e+00,
608,5.00e+00,6.00e-01,1.20e+00,3.40e+00,
609,4.60e+00,8.00e-01,1.40e+00,3.80e+00,
610,5.00e+00,6.00e-01,1.20e+00,3.80e+00,
611,4.60e+00,1.00e+00,1.40e+00,3.40e+00,
612,4.60e+00,6.00e-01,1.40e+00,3.80e+00,
613,5.00e+00,1.00e+00,1.00e+00,3.40e+00,
614,4.60e+00,6.00e-01,1.40e+00,3.40e+00,
615,5.00e+00,1.00e+00,1.00e+00,3.80e+00,
616,5.00e+00,1.00e+00,1.00e+00,3.80e+00,
617,4.60e+00,6.00e-01,1.40e+00,3.40e+00,
618,4.60e+00,6.00e-01,1.00e+00,3.80e+00,
619,5.00e+00,1.00e+00,1.20e+00,3.40e+00,
620,4.60e+00,6.00e-01,1.00e+00,3.40e+00,
621,5.00e+00,1.00e+00,1.20e+00,3.80e+00,
622,4.60e+00,1.00e+00,1.20e+00,3.80e+00,
623,5.00e+00,8.00e-01,1.00e+00,3.40e+00,
624,4.60e+00,8.00e-01,1.00e+00,3.40e+00,
625,5.00e+00,1.00e+00,1.20e+00,3.80e+00,
626,5.00e+00,8.00e-01,1.20e+00,3.40e+00,
627,4.60e+00,1.00e+00,8.00e-01,3.80e+00,
628,4.60e+00,8.00e-01,1.20e+00,3.40e+00,
629,5.00e+00,1.00e+00,6.00e-01,3.80e+00,
630,4.60e+00,8.00e-01,1.20e+00,3.80e+00,
631,5.00e+00,1.20e+00,6.00e-01,3.40e+00,
632,5.00e+00,8.00e-01,6.00e-01,3.80e+00,
633,4.60e+00,1.20e+00,1.20e+00,3.40e+00,
634,5.00e+00,1.20e+00,8.00e-01,3.80e+00,
635,4.60e+00,8.00e-01,6.00e-01,3.40e+00,
636,5.00e+00,8.00e-01,8.00e-01,3.40e+00,
637,4.60e+00,1.20e+00,6.00e-01,3.80e+00,
638,4.60e+00,1.00e+00,8.00e-01,3.40e+00,
639,5.00e+00,1.20e+00,6.00e-01,3.80e+00,
640,4.60e+00,1.20e+00,8.00e-01,3.80e+00,
641,5.00e+00,1.00e+00,6.00e-01,3.40e+00,
642,4.60e+00,1.00e+00,8.00e-01,3.80e+00,
643,5.00e+00,1.20e+00,6.00e-01,3.40e+00,
644,4.60e+00,1.00e+00,8.00e-01,3.80e+00,
645,5.00e+00,1.40e+00,6.00e-01,3.40e+00,
646,4.60e+00,1.00e+00,8.00e-01,3.40e+00,
647,5.00e+00,1.40e+00,6.00e-01,3.80e+00,
648,5.00e+00,1.40e+00,8.00e-01,3.40e+00,
649,4.60e+00,1.00e+00,4.00e-01,3.80e+00,
650,4.60e+00,1.40e+00,8.00e-01,3.80e+00,
651,5.00e+00,1.00e+00,4.00e-01,3.40e+00,
652,5.00e+00,1.40e+00,8.00e-01,3.40e+00,
653,4.60e+00,1.20e+00,4.00e-01,3.80e+00,
654,5.00e+00,1.40e+00,8.00e-01,3.80e+00,
655,4.60e+00,1.20e+00,4.00e-01,3.40e+00,
656,4.60e+00,1.20e+00,8.00e-01,3.40e+00,
657,5.00e+00,1.40e+00,4.00e-01,3.80e+00,
658,5.00e+00,1.20e+00,8.00e-01,3.40e+00,
659,4.60e+00,1.60e+00,4.00e-01,3.80e+00,
660,5.00e+00,1.60e+00,6.00e-01,3.40e+00,
661,4.60e+00,1.20e+00,4.00e-01,3.80e+00,
662,4.60e+00,1.60e+00,6.00e-01,3.40e+00,
663,5.00e+00,1.40e+00,4.00e-01,3.80e+00,
664,4.60e+00,1.60e+00,6.00e-01,3.40e+00,
665,5.00e+00,1.40e+00,4.00e-01,3.80e+00,
666,4.60e+00,1.60e+00,6.00e-01,3.80e+00,
667,5.00e+00,1.40e+00,4.00e-01,3.40e+00,
668,4.60e+00,1.40e+00,6.00e-01,3.40e+00,
669,5.00e+00,2.00e+00,4.00e-01,3.80e+00,
670,4.60e+00,2.00e+00,6.00e-01,3.40e+00,
671,5.00e+00,1.40e+00,4.00e-01,3.80e+00,
672,4.60e+00,2.00e+00,6.00e-01,3.80e+00,
673,5.00e+00,1.60e+00,4.00e-01,3.40e+00,
674,4.60e+00,1.80e+00,6.00e-01,3.80e+00,
675,5.00e+00,2.00e+00,4.00e-01,3.40e+00,
676,5.00e+00,1.80e+00,4.00e-01,3.80e+00,
677,4.60e+00,2.00e+00,6.00e-01,3.40e+00,
678,4.60e+00,1.80e+00,6.00e-01,3.80e+00,
679,5.00e+00,2.20e+00,4.00e-01,3.40e+00,
680,4.60e+00,1.80e+00,6.00e-01,3.80e+00,
681,5.00e+00,2.20e+00,4.00e-01,3.40e+00,
682,5.00e+00,2.20e+00,6.00e-01,3.40e+00,
683,4.60e+00,1.80e+00,4.00e-01,3.80e+00,
684,4.60e+00,2.00e+00,6.00e-01,3.80e+00,
685,5.00e+00,2.20e+00,4.00e-01,3.40e+00,
686,4.60e+00,2.20e+00,6.00e-01,3.40e+00,
687,5.00e+00,2.00e+00,4.00e-01,3.80e+00,
688,5.00e+00,2.00e+00,6.00e-01,3.40e+00,
689,4.60e+00,2.40e+00,4.00e-01,3.80e+00,
690,4.60e+00,2.40e+00,6.00e-01,3.80e+00,
691,5.00e+00,2.00e+00,4.00e-01,3.40e+00,
692,5.00e+00,2.40e+00,6.00e-01,3.80e+00,
693,4.60e+00,2.00e+00,4.00e-01,3.40e+00,
694,4.60e+00,2.40e+00,6.00e-01,3.40e+00,
695,5.00e+00,2.20e+00,4.00e-01,3.80e+00,
696,4.60e+00,2.40e+00,6.00e-01,3.40e+00,
697,5.00e+00,2.20e+00,4.00e-01,3.80e+00,
698,5.00e+00,2.20e+00,4.00e-01,3.80e+00,
699,4.60e+00,2.60e+00,6.00e-01,3.40e+00,
700,5.00e+00,2.20e+00,6.00e-01,3.40e+00,
701,4.60e+00,2.60e+00,4.00e-01,3.80e+00,
702,5.00e+00,2.60e+00,6.00e-01,3.40e+00,
703,4.60e+00,2.40e+00,4.00e-01,3.80e+00,
704,5.00e+00,2.60e+00,6.00e-01,3.40e+00,
705,4.60e+00,2.40e+00,2.00e-01,3.80e+00,
706,5.00e+00,2.60e+00,6.00e-01,3.40e+00,
707,4.60e+00,2.40e+00,2.00e-01,3.80e+00,
708,4.60e+00,2.40e+00,6.00e-01,3.40e+00,
709,5.00e+00,3.00e+00,2.00e-01,3.80e+00,
710,5.00e+00,3.00e+00,6.00e-01,3.40e+00,
711,4.60e+00,2.40e+00,2.00e-01,3.80e+00,
712,4.60e+00,2.80e+00,6.00e-01,3.80e+00,
713,5.00e+00,3.00e+00,2.00e-01,3.40e+00,
714,5.00e+00,2.80e+00,6.00e-01,3.40e+00,
715,4.60e+00,3.00e+00,2.00e-01,3.80e+00,
716,5.00e+00,2.80e+00,2.00e-01,3.80e+00,
717,4.60e+00,3.20e+00,6.00e-01,3.40e+00,
718,4.60e+00,2.80e+00,6.00e-01,3.40e+00,
719,5.00e+00,3.20e+00,2.00e-01,3.80e+00,
720,5.00e+00,3.20e+00,2.00e-01,3.40e+00,
721,4.60e+00,2.80e+00,6.00e-01,3.80e+00,
722,5.00e+00,3.00e+00,6.00e-01,3.40e+00,
723,4.60e+00,3.20e+00,2.00e-01,3.80e+00,
724,4.60e+00,3.00e+00,2.00e-01,3.80e+00,
725,5.00e+00,3.20e+00,6.00e-01,3.40e+00,
726,5.00e+00,3.00e+00,2.00e-01,3.80e+00,
727,4.60e+00,3.40e+00,6.00e-01,3.40e+00,
728,4.60e+00,3.40e+00,2.00e-01,3.80e+00,
729,5.00e+00,3.00e+00,6.00e-01,3.40e+00,
730,4.60e+00,3.00e+00,6.00e-01,3.80e+00,
731,5.00e+00,3.40e+00,2.00e-01,3.40e+00,
732,5.00e+00,3.40e+00,6.00e-01,3.80e+00,
733,4.60e+00,3.20e+00,2.00e-01,3.40e+00,
734,4.60e+00,3.40e+00,2.00e-01,3.40e+00,
735,5.00e+00,3.20e+00,6.00e-01,3.80e+00,
736,4.60e+00,3.20e+00,2.00e-01,3.80e+00,
737,5.00e+00,3.60e+00,6.00e-01,3.40e+00,
738,5.00e+00,3.60e+00,2.00e-01,3.40e+00,
739,4.60e+00,3.20e+00,6.00e-01,3.80e+00,
740,5.00e+00,3.60e+00,6.00e-01,3.40e+00,
741,4.60e+00,3.20e+00,2.00e-01,3.80e+00,
742,5.00e+00,3.60e+00,6.00e-01,3.80e+00,
743,4.60e+00,3.40e+00,2.00e-01,3.40e+00,
744,4.60e+00,3.60e+00,6.00e-01,3.80e+00,
745,5.00e+00,3.40e+00,2.00e-01,3.40e+00,
746,5.00e+00,3.40e+00,2.00e-01,3.80e+00,
747,4.60e+00,3.80e+00,6.00e-01,3.40e+00,
748,5.00e+00,3.80e+00,6.00e-01,3.80e+00,
749,4.60e+00,3.40e+00,2.00e-01,3.40e+00,
750,4.60e+00,3.80e+00,2.00e-01,3.80e+00,
751,5.00e+00,3.40e+00,6.00e-01,3.40e+00,
752,5.00e+00,3.80e+00,6.00e-01,3.80e+00,
753,4.60e+00,3.60e+00,2.00e-01,3.40e+00,
754,5.00e+00,3.80e+00,2.00e-01,3.40e+00,
755,4.60e+00,3.60e+00,6.00e-01,3.80e+00,
756,4.60e+00,3.60e+00,6.00e-01,3.80e+00,
757,5.00e+00,4.20e+00,2.00e-01,3.40e+00,
758,4.80e+00,3.80e+00,2.00e-01,3.80e+00,
759,4.20e+00,4.20e+00,6.00e-01,3.40e+00,
760,4.40e+00,4.00e+00,6.00e-01,3.80e+00,
761,4.20e+00,4.20e+00,2.00e-01,3.40e+00,
762,4.40e+00,4.00e+00,2.00e-01,3.40e+00,
763,4.00e+00,4.20e+00,6.00e-01,3.80e+00,
764,4.40e+00,4.00e+00,2.00e-01,3.40e+00,
765,4.00e+00,4.20e+00,6.00e-01,3.80e+00,
766,4.40e+00,4.00e+00,2.00e-01,3.80e+00,
767,4.00e+00,4.40e+00,6.00e-01,3.40e+00,
768,4.00e+00,4.00e+00,2.00e-01,3.80e+00,
769,4.40e+00,4.40e+00,6.00e-01,3.40e+00,
770,4.00e+00,4.40e+00,6.00e-01,3.40e+00,
771,4.20e+00,4.00e+00,2.00e-01,3.80e+00,
772,4.20e+00,4.40e+00,2.00e-01,3.40e+00,
773,4.00e+00,4.00e+00,6.00e-01,3.80e+00,
774,4.20e+00,4.40e+00,2.00e-01,3.40e+00,
775,4.00e+00,4.20e+00,6.00e-01,3.80e+00,
776,4.00e+00,4.40e+00,2.00e-01,3.40e+00,
777,4.20e+00,4.20e+00,6.00e-01,3.80e+00,
778,4.20e+00,4.20e+00,2.00e-01,3.80e+00,
779,4.00e+00,4.40e+00,6.00e-01,3.40e+00,
780,4.20e+00,4.40e+00,6.00e-01,3.40e+00,
781,4.00e+00,4.20e+00,2.00e-01,3.80e+00,
782,4.20e+00,4.20e+00,2.00e-01,3.40e+00,
783,3.80e+00,4.60e+00,6.00e-01,3.80e+00,
784,3.80e+00,4.20e+00,2.00e-01,3.80e+00,
785,4.20e+00,4.60e+00,6.00e-01,3.40e+00,
786,3.80e+00,4.60e+00,2.00e-01,3.40e+00,
787,4.20e+00,4.20e+00,6.00e-01,3.80e+00,
788,4.00e+00,4.20e+00,6.00e-01,3.40e+00,
789,3.80e+00,4.60e+00,2.00e-01,3.80e+00,
790,3.80e+00,4.60e+00,6.00e-01,3.80e+00,
791,4.00e+00,4.20e+00,2.00e-01,3.40e+00,
792,4.00e+00,4.60e+00,6.00e-01,3.40e+00,
793,3.80e+00,4.20e+00,2.00e-01,3.80e+00,
794,4.00e+00,4.60e+00,2.00e-01,3.40e+00,
795,3.80e+00,4.40e+00,6.00e-01,3.80e+00,
796,4.00e+00,4.40e+00,2.00e-01,3.40e+00,
797,3.60e+00,4.60e+00,6.00e-01,3.80e+00,
798,3.60e+00,4.60e+00,2.00e-01,3.40e+00,
799,4.00e+00,4.40e+00,6.00e-01,3.80e+00,
800,3.60e+00,4.60e+00,2.00e-01,3.80e+00,
801,3.80e+00,4.40e+00,6.00e-01,3.40e+00,
802,3.60e+00,4.60e+00,2.00e-01,3.80e+00,
803,3.80e+00,4.40e+00,6.00e-01,3.40e+00,
804,3.60e+00,4.40e+00,2.00e-01,3.40e+00,
805,3.80e+00,4.60e+00,6.00e-01,3.80e+00,
806,3.60e+00,4.60e+00,2.00e-01,3.40e+00,
807,3.80e+00,4.40e+00,6.00e-01,3.80e+00,
808,3.80e+00,4.40e+00,6.00e-01,3.80e+00,
809,3.20e+00,4.80e+00,2.00e-01,3.40e+00,
810,3.80e+00,4.40e+00,6.00e-01,3.40e+00,
811,3.20e+00,4.80e+00,2.00e-01,3.80e+00,
812,3.40e+00,4.40e+00,2.00e-01,3.40e+00,
813,3.20e+00,4.80e+00,6.00e-01,3.80e+00,
814,3.40e+00,4.80e+00,6.00e-01,3.80e+00,
815,3.20e+00,4.40e+00,2.00e-01,3.40e+00,
816,3.40e+00,4.80e+00,6.00e-01,3.40e+00,
817,3.20e+00,4.40e+00,2.00e-01,3.80e+00,
818,3.40e+00,4.40e+00,6.00e-01,3.40e+00,
819,3.00e+00,4.80e+00,2.00e-01,3.80e+00,
820,3.40e+00,4.80e+00,2.00e-01,3.40e+00,
821,3.00e+00,4.40e+00,6.00e-01,3.80e+00,
822,3.40e+00,4.80e+00,6.00e-01,3.40e+00,
823,3.00e+00,4.40e+00,2.00e-01,3.80e+00,
824,3.20e+00,4.80e+00,6.00e-01,3.80e+00,
825,3.00e+00,4.40e+00,2.00e-01,3.40e+00,
826,3.20e+00,4.80e+00,6.00e-01,3.40e+00,
827,3.00e+00,4.40e+00,2.00e-01,3.80e+00,
828,3.20e+00,4.40e+00,6.00e-01,3.40e+00,
829,3.00e+00,4.80e+00,2.00e-01,3.80e+00,
830,3.20e+00,4.80e+00,6.00e-01,3.80e+00,
831,2.80e+00,4.40e+00,2.00e-01,3.40e+00,
832,2.80e+00,4.80e+00,6.00e-01,3.40e+00,
833,3.20e+00,4.40e+00,2.00e-01,3.80e+00,
834,2.80e+00,4.80e+00,2.00e-01,3.80e+00,
835,3.00e+00,4.40e+00,6.00e-01,3.40e+00,
836,3.00e+00,4.80e+00,6.00e-01,3.40e+00,
837,2.80e+00,4.60e+00,2.00e-01,3.80e+00,
838,3.00e+00,4.80e+00,2.00e-01,3.40e+00,
839,2.80e+00,4.60e+00,6.00e-01,3.80e+00,
840,3.00e+00,4.80e+00,6.00e-01,3.40e+00,
841,2.60e+00,4.60e+00,2.00e-01,3.80e+00,
842,3.00e+00,4.80e+00,6.00e-01,3.40e+00,
843,2.60e+00,4.60e+00,2.00e-01,3.80e+00,
844,2.60e+00,4.80e+00,6.00e-01,3.40e+00,
845,2.80e+00,4.60e+00,2.00e-01,3.80e+00,
846,2.80e+00,4.80e+00,6.00e-01,3.40e+00,
847,2.60e+00,4.60e+00,2.00e-01,3.80e+00,
848,2.80e+00,4.80e+00,6.00e-01,3.80e+00,
849,2.60e+00,4.60e+00,2.00e-01,3.40e+00,
850,2.40e+00,4.60e+00,6.00e-01,3.40e+00,
851,2.80e+00,4.80e+00,2.00e-01,3.80e+00,
852,2.80e+00,4.80e+00,6.00e-01,3.40e+00,
853,2.40e+00,4.60e+00,2.00e-01,3.80e+00,
854,2.40e+00,4.80e+00,6.00e-01,3.80e+00,
855,2.60e+00,4.60e+00,2.00e-01,3.40e+00,
856,2.60e+00,4.80e+00,6.00e-01,3.80e+00,
857,2.40e+00,4.60e+00,2.00e-01,3.40e+00,
858,2.40e+00,4.80e+00,6.00e-01,3.40e+00,
859,2.60e+00,4.60e+00,2.00e-01,3.80e+00,
860,2.00e+00,4.80e+00,6.00e-01,3.40e+00,
861,2.60e+00,4.60e+00,2.00e-01,3.80e+00,
862,2.40e+00,4.80e+00,6.00e-01,3.80e+00,
863,2.00e+00,4.60e+00,2.00e-01,3.40e+00,
864,2.00e+00,4.80e+00,6.00e-01,3.40e+00,
865,2.20e+00,4.60e+00,2.00e-01,3.80e+00,
866,2.20e+00,4.60e+00,6.00e-01,3.80e+00,
867,2.00e+00,4.80e+00,2.00e-01,3.40e+00,
868,2.20e+00,4.80e+00,6.00e-01,3.40e+00,
869,1.80e+00,4.60e+00,2.00e-01,3.80e+00,
870,2.20e+00,4.80e+00,6.00e-01,3.40e+00,
871,1.80e+00,4.60e+00,2.00e-01,3.80e+00,
872,2.00e+00,4.80e+00,6.00e-01,3.40e+00,
873,1.80e+00,4.60e+00,2.00e-01,3.80e+00,
874,1.80e+00,4.80e+00,6.00e-01,3.40e+00,
875,2.00e+00,4.60e+00,2.00e-01,3.80e+00,
876,2.00e+00,4.80e+00,2.00e-01,3.40e+00,
877,1.80e+00,4.60e+00,6.00e-01,3.80e+00,
878,2.00e+00,4.80e+00,6.00e-01,3.40e+00,
879,1.60e+00,4.60e+00,2.00e-01,3.80e+00,
880,1.60e+00,4.80e+00,6.00e-01,3.80e+00,
881,2.00e+00,4.60e+00,2.00e-01,3.40e+00,
882,1.60e+00,4.80e+00,2.00e-01,3.40e+00,
883,1.80e+00,4.60e+00,6.00e-01,3.80e+00,
884,1.60e+00,4.80e+00,6.00e-01,3.40e+00,
885,1.80e+00,4.60e+00,2.00e-01,3.80e+00,
886,1.60e+00,4.80e+00,6.00e-01,3.80e+00,
887,1.80e+00,4.60e+00,2.00e-01,3.40e+00,
888,1.80e+00,4.80e+00,6.00e-01,3.40e+00,
889,1.40e+00,4.60e+00,2.00e-01,3.80e+00,
890,1.80e+00,4.80e+00,6.00e-01,3.80e+00,
891,1.40e+00,4.60e+00,2.00e-01,3.40e+00,
892,1.40e+00,4.80e+00,6.00e-01,3.40e+00,
893,1.60e+00,4.60e+00,2.00e-01,3.80e+00,
894,1.40e+00,4.80e+00,6.00e-01,3.40e+00,
895,1.60e+00,4.60e+00,2.00e-01,3.80e+00,
896,1.40e+00,4.80e+00,2.00e-01,3.40e+00,
897,1.60e+00,4.60e+00,6.00e-01,3.80e+00,
898,1.60e+00,4.80e+00,2.00e-01,3.40e+00,
899,1.00e+00,4.60e+00,6.00e-01,3.80e+00,
900,1.00e+00,4.80e+00,2.00e-01,3.40e+00,
901,1.60e+00,4.60e+00,6.00e-01,3.80e+00,
902,1.20e+00,4.60e+00,2.00e-01,3.80e+00,
903,1.00e+00,4.80e+00,6.00e-01,3.40e+00,
904,1.20e+00,4.80e+00,4.00e-01,3.40e+00,
905,1.00e+00,4.60e+00,8.00e-01,3.80e+00,
906,1.20e+00,4.80e+00,8.00e-01,3.40e+00,
907,1.00e+00,4.60e+00,6.00e-01,3.80e+00,
908,1.20e+00,4.80e+00,8.00e-01,3.80e+00,
909,8.00e-01,4.60e+00,6.00e-01,3.40e+00,
910,8.00e-01,4.80e+00,8.00e-01,3.40e+00,
911,1.20e+00,4.60e+00,6.00e-01,3.80e+00,
912,1.00e+00,4.80e+00,6.00e-01,3.40e+00,
913,8.00e-01,4.60e+00,8.00e-01,3.80e+00,
914,1.00e+00,4.80e+00,8.00e-01,3.40e+00,
915,8.00e-01,4.60e+00,6.00e-01,3.80e+00,
916,1.00e+00,4.80e+00,8.00e-01,3.40e+00,
917,8.00e-01,4.60e+00,6.00e-01,3.80e+00,
918,1.00e+00,4.80e+00,8.00e-01,3.80e+00,
919,6.00e-01,4.60e+00,6.00e-01,3.40e+00,
920,1.00e+00,4.80e+00,8.00e-01,3.40e+00,
921,6.00e-01,4.60e+00,6.00e-01,3.80e+00,
922,8.00e-01,4.80e+00,8.00e-01,3.40e+00,
923,6.00e-01,4.60e+00,6.00e-01,3.80e+00,
924,6.00e-01,4.80e+00,6.00e-01,3.80e+00,
925,8.00e-01,4.60e+00,1.00e+00,3.40e+00,
926,6.00e-01,4.80e+00,1.20e+00,3.40e+00,
927,8.00e-01,4.60e+00,6.00e-01,3.80e+00,
928,6.00e-01,4.80e+00,1.20e+00,3.40e+00,
929,8.00e-01,4.60e+00,6.00e-01,3.80e+00,
930,8.00e-01,4.80e+00,8.00e-01,3.40e+00,
931,6.00e-01,4.60e+00,1.20e+00,3.80e+00,
932,6.00e-01,4.80e+00,1.00e+00,3.40e+00,
933,8.00e-01,4.60e+00,1.20e+00,3.80e+00,
934,8.00e-01,4.80e+00,1.00e+00,3.80e+00,
935,4.00e-01,4.60e+00,1.20e+00,3.40e+00,
936,4.00e-01,4.60e+00,1.00e+00,3.40e+00,
937,8.00e-01,4.80e+00,1.20e+00,3.80e+00,
938,4.00e-01,4.80e+00,1.20e+00,3.40e+00,
939,8.00e-01,4.60e+00,1.00e+00,3.80e+00,
940,4.00e-01,4.80e+00,1.00e+00,3.80e+00,
941,6.00e-01,4.60e+00,1.20e+00,3.40e+00,
942,4.00e-01,4.80e+00,1.00e+00,3.40e+00,
943,6.00e-01,4.60e+00,1.40e+00,3.80e+00,
944,6.00e-01,4.80e+00,1.40e+00,3.40e+00,
945,4.00e-01,4.60e+00,1.00e+00,3.80e+00,
946,6.00e-01,4.80e+00,1.20e+00,3.80e+00,
947,4.00e-01,4.60e+00,1.40e+00,3.40e+00,
948,6.00e-01,4.80e+00,1.20e+00,3.40e+00,
949,4.00e-01,4.60e+00,1.40e+00,3.80e+00,
950,4.00e-01,4.80e+00,1.20e+00,3.40e+00,
951,6.00e-01,4.60e+00,1.40e+00,3.80e+00,
952,4.00e-01,4.80e+00,1.40e+00,3.40e+00,
953,6.00e-01,4.60e+00,1.20e+00,3.80e+00,
954,4.00e-01,4.80e+00,1.20e+00,3.40e+00,
955,6.00e-01,4.60e+00,1.60e+00,3.80e+00,
956,4.00e-01,4.60e+00,1.60e+00,3.40e+00,
957,6.00e-01,4.80e+00,1.20e+00,3.80e+00,
958,4.00e-01,4.80e+00,1.60e+00,3.40e+00,
959,6.00e-01,4.60e+00,1.20e+00,3.80e+00,
960,6.00e-01,4.80e+00,1.40e+00,3.40e+00,
961,2.00e-01,4.60e+00,1.60e+00,3.80e+00,
962,6.00e-01,4.80e+00,1.60e+00,3.40e+00,
963,2.00e-01,4.60e+00,1.40e+00,3.80e+00,
964,6.00e-01,4.80e+00,1.40e+00,3.40e+00,
965,2.00e-01,4.60e+00,1.60e+00,3.80e+00,
966,2.00e-01,4.80e+00,1.40e+00,3.40e+00,
967,6.00e-01,4.60e+00,1.80e+00,3.80e+00,
968,2.00e-01,4.80e+00,1.80e+00,3.40e+00,
969,6.00e-01,4.60e+00,1.40e+00,3.80e+00,
970,6.00e-01,4.80e+00,1.80e+00,3.40e+00,
971,2.00e-01,4.60e+00,1.60e+00,3.80e+00,
972,6.00e-01,4.80e+00,1.80e+00,3.40e+00,
973,2.00e-01,4.60e+00,1.60e+00,3.80e+00,
974,2.00e-01,4.80e+00,1.80e+00,3.40e+00,
975,6.00e-01,4.60e+00,1.60e+00,3.80e+00,
976,2.00e-01,4.80e+00,1.60e+00,3.40e+00,
977,6.00e-01,4.60e+00,2.20e+00,3.80e+00,
978,2.00e-01,4.80e+00,2.20e+00,3.80e+00,
979,2.00e-01,4.60e+00,1.60e+00,3.40e+00,
980,2.00e-01,4.80e+00,2.20e+00,3.40e+00,
981,0.00e+00,4.60e+00,1.60e+00,3.80e+00,
982,2.00e-01,4.80e+00,2.00e+00,3.40e+00,
983,0.00e+00,4.60e+00,2.20e+00,3.80e+00,
984,2.00e-01,4.80e+00,2.00e+00,3.80e+00,
985,2.00e-01,4.60e+00,2.20e+00,3.40e+00,
986,2.00e-01,4.80e+00,2.00e+00,3.40e+00,
987,2.00e-01,4.60e+00,2.40e+00,3.80e+00,
988,2.00e-01,4.80e+00,2.40e+00,3.40e+00,
989,2.00e-01,4.60e+00,2.00e+00,3.80e+00,
990,2.00e-01,4.80e+00,2.00e+00,3.80e+00,
991,0.00e+00,4.60e+00,2.40e+00,3.40e+00,
992,2.00e-01,4.80e+00,2.20e+00,3.40e+00,
993,0.00e+00,4.60e+00,2.40e+00,3.80e+00,
994,2.00e-01,4.80e+00,2.40e+00,3.40e+00,
995,2.00e-01,4.60e+00,2.20e+00,3.80e+00,
996,2.00e-01,4.60e+00,2.20e+00,3.80e+00,
997,2.00e-01,4.80e+00,2.60e+00,3.40e+00,
998,2.00e-01,4.80e+00,2.20e+00,3.40e+00,
999,2.00e-01,4.60e+00,2.60e+00,3.80e+00,
1000,2.00e-01,4.80e+00,2.60e+00,3.40e+00,
1001,2.00e-01,4.60e+00,2.20e+00,3.80e+00,
1002,2.00e-01,4.80e+00,2.40e+00,3.40e+00,
1003,0.00e+00,4.60e+00,2.60e+00,3.80e+00,
1004,2.00e-01,4.80e+00,2.60e+00,3.40e+00,
1005,0.00e+00,4.60e+00,2.40e+00,3.80e+00,
1006,2.00e-01,4.80e+00,2.40e+00,3.40e+00,
1007,2.00e-01,4.60e+00,2.80e+00,3.80e+00,
1008,2.00e-01,4.80e+00,2.80e+00,3.40e+00,
1009,2.00e-01,4.60e+00,2.40e+00,3.80e+00,
1010,2.00e-01,4.80e+00,2.40e+00,3.40e+00,
1011,2.00e-01,4.60e+00,2.80e+00,3.80e+00,
1012,2.00e-01,4.80e+00,2.80e+00,3.80e+00,
1013,2.00e-01,4.60e+00,2.60e+00,3.40e+00,
1014,2.00e-01,4.80e+00,2.80e+00,3.40e+00,
1015,0.00e+00,4.60e+00,2.60e+00,3.80e+00,
1016,2.00e-01,4.80e+00,2.60e+00,3.40e+00,
1017,2.00e-01,4.60e+00,3.00e+00,3.80e+00,
1018,2.00e-01,4.80e+00,3.00e+00,3.80e+00,
1019,2.00e-01,4.60e+00,2.60e+00,3.40e+00,
1020,2.00e-01,4.80e+00,3.00e+00,3.40e+00,
1021,2.00e-01,4.60e+00,2.60e+00,3.80e+00,
1022,2.00e-01,4.80e+00,3.00e+00,3.40e+00,
1023,2.00e-01,4.60e+00,3.00e+00,3.80e+00,
1024,2.00e-01,4.80e+00,3.00e+00,3.40e+00,
1025,2.00e-01,4.60e+00,2.80e+00,3.80e+00,
1026,2.00e-01,4.80e+00,2.80e+00,3.80e+00,
1027,0.00e+00,4.60e+00,3.40e+00,3.40e+00,
1028,2.00e-01,4.80e+00,3.00e+00,3.80e+00,
1029,2.00e-01,4.60e+00,3.40e+00,3.40e+00,
1030,2.00e-01,4.80e+00,3.40e+00,3.40e+00,
1031,2.00e-01,4.60e+00,3.20e+00,3.80e+00,
1032,2.00e-01,4.80e+00,3.20e+00,3.40e+00,
1033,2.00e-01,4.60e+00,3.40e+00,3.80e+00,
1034,2.00e-01,4.80e+00,3.20e+00,3.80e+00,
1035,2.00e-01,4.60e+00,3.40e+00,3.40e+00,
1036,2.00e-01,4.60e+00,3.20e+00,3.40e+00,
1037,0.00e+00,4.80e+00,3.60e+00,3.80e+00,
1038,2.00e-01,4.80e+00,3.20e+00,3.40e+00,
1039,0.00e+00,4.60e+00,3.60e+00,3.80e+00,
1040,2.00e-01,4.60e+00,3.60e+00,3.40e+00,
1041,2.00e-01,4.80e+00,3.40e+00,3.80e+00,
1042,2.00e-01,4.80e+00,3.40e+00,3.40e+00,
1043,2.00e-01,4.60e+00,3.60e+00,3.80e+00,
1044,2.00e-01,4.80e+00,3.60e+00,3.40e+00,
1045,2.00e-01,4.60e+00,3.40e+00,3.80e+00,
1046,2.00e-01,4.80e+00,3.40e+00,3.80e+00,
1047,0.00e+00,4.60e+00,3.80e+00,3.40e+00,
1048,2.00e-01,4.80e+00,3.40e+00,3.40e+00,
1049,0.00e+00,4.60e+00,3.80e+00,3.80e+00,
1050,2.00e-01,4.80e+00,3.80e+00,3.40e+00,
1051,2.00e-01,4.60e+00,3.60e+00,3.80e+00,
1052,2.00e-01,4.80e+00,3.60e+00,3.40e+00,
1053,2.00e-01,4.60e+00,3.80e+00,3.80e+00,
1054,2.00e-01,4.80e+00,3.80e+00,3.40e+00,
1055,2.00e-01,4.60e+00,3.60e+00,3.80e+00,
1056,2.00e-01,4.80e+00,3.60e+00,3.80e+00,
1057,0.00e+00,4.60e+00,4.00e+00,3.40e+00,
1058,2.00e-01,4.80e+00,3.60e+00,3.40e+00,
1059,0.00e+00,4.60e+00,4.00e+00,3.80e+00,
1060,2.00e-01,4.80e+00,4.00e+00,3.80e+00,
1061,0.00e+00,4.60e+00,3.80e+00,6.00e-01,
1062,2.00e-01,4.80e+00,4.00e+00,8.00e-01,
1063,2.00e-01,4.40e+00,3.80e+00,6.00e-01,
1064,2.00e-01,4.20e+00,4.00e+00,6.00e-01,
1065,2.00e-01,4.60e+00,3.80e+00,8.00e-01,
1066,2.00e-01,4.20e+00,3.80e+00,6.00e-01,
1067,2.00e-01,4.40e+00,4.40e+00,8.00e-01,
1068,2.00e-01,4.40e+00,4.40e+00,6.00e-01,
1069,0.00e+00,4.20e+00,3.80e+00,8.00e-01,
1070,2.00e-01,4.20e+00,3.80e+00,8.00e-01,
1071,0.00e+00,4.40e+00,4.40e+00,6.00e-01,
1072,2.00e-01,4.40e+00,4.20e+00,8.00e-01,
1073,2.00e-01,4.20e+00,4.40e+00,6.00e-01,
1074,2.00e-01,4.40e+00,4.20e+00,8.00e-01,
1075,2.00e-01,4.20e+00,4.40e+00,6.00e-01,
1076,2.00e-01,4.20e+00,4.20e+00,8.00e-01,
1077,2.00e-01,4.40e+00,4.40e+00,6.00e-01,
1078,2.00e-01,4.20e+00,4.20e+00,8.00e-01,
1079,2.00e-01,4.40e+00,4.60e+00,6.00e-01,
1080,2.00e-01,4.40e+00,4.20e+00,8.00e-01,
1081,0.00e+00,4.00e+00,4.60e+00,6.00e-01,
1082,0.00e+00,4.00e+00,4.20e+00,6.00e-01,
1083,2.00e-01,4.40e+00,4.60e+00,8.00e-01,
1084,2.00e-01,4.00e+00,4.60e+00,8.00e-01,
1085,2.00e-01,4.40e+00,4.40e+00,6.00e-01,
1086,2.00e-01,4.40e+00,4.40e+00,8.00e-01,
1087,2.00e-01,4.00e+00,4.60e+00,6.00e-01,
1088,2.00e-01,4.00e+00,4.40e+00,8.00e-01,
1089,2.00e-01,4.20e+00,4.60e+00,6.00e-01,
1090,2.00e-01,4.00e+00,4.60e+00,8.00e-01,
1091,0.00e+00,4.20e+00,4.40e+00,6.00e-01,
1092,2.00e-01,4.00e+00,4.40e+00,6.00e-01,
1093,0.00e+00,4.20e+00,4.60e+00,8.00e-01,
1094,2.00e-01,4.00e+00,4.40e+00,6.00e-01,
1095,2.00e-01,4.20e+00,4.80e+00,8.00e-01,
1096,2.00e-01,4.20e+00,4.80e+00,8.00e-01,
1097,2.00e-01,3.80e+00,4.40e+00,6.00e-01,
1098,2.00e-01,4.20e+00,4.40e+00,6.00e-01,
1099,2.00e-01,3.60e+00,4.80e+00,8.00e-01,
1100,2.00e-01,4.20e+00,4.80e+00,8.00e-01,
1101,2.00e-01,3.60e+00,4.40e+00,6.00e-01,
1102,2.00e-01,3.80e+00,4.80e+00,8.00e-01,
1103,0.00e+00,3.60e+00,4.40e+00,6.00e-01,
1104,2.00e-01,3.80e+00,4.80e+00,8.00e-01,
1105,0.00e+00,3.60e+00,4.40e+00,6.00e-01,
1106,2.00e-01,3.80e+00,4.60e+00,8.00e-01,
1107,2.00e-01,3.60e+00,4.80e+00,6.00e-01,
1108,2.00e-01,3.80e+00,4.80e+00,6.00e-01,
1109,2.00e-01,3.60e+00,4.60e+00,8.00e-01,
1110,2.00e-01,3.80e+00,4.80e+00,8.00e-01,
1111,2.00e-01,3.40e+00,4.60e+00,6.00e-01,
1112,2.00e-01,3.80e+00,4.80e+00,6.00e-01,
1113,0.00e+00,3.40e+00,4.60e+00,8.00e-01,
1114,2.00e-01,3.40e+00,4.60e+00,8.00e-01,
1115,0.00e+00,3.60e+00,4.80e+00,6.00e-01,
1116,2.00e-01,3.60e+00,4.60e+00,8.00e-01,
1117,2.00e-01,3.40e+00,4.80e+00,6.00e-01,
1118,2.00e-01,3.60e+00,4.60e+00,8.00e-01,
1119,2.00e-01,3.40e+00,4.80e+00,6.00e-01,
1120,2.00e-01,3.60e+00,4.60e+00,8.00e-01,
1121,2.00e-01,3.20e+00,4.80e+00,6.00e-01,
1122,2.00e-01,3.20e+00,4.60e+00,8.00e-01,
1123,2.00e-01,3.60e+00,5.00e+00,6.00e-01,
1124,2.00e-01,3.60e+00,4.60e+00,8.00e-01,
1125,0.00e+00,3.20e+00,5.00e+00,6.00e-01,
1126,2.00e-01,3.40e+00,4.60e+00,6.00e-01,
1127,2.00e-01,3.20e+00,5.00e+00,8.00e-01,
1128,2.00e-01,3.40e+00,4.60e+00,8.00e-01,
1129,2.00e-01,3.20e+00,5.00e+00,6.00e-01,
1130,2.00e-01,3.20e+00,5.00e+00,8.00e-01,
1131,2.00e-01,3.40e+00,4.60e+00,6.00e-01,
1132,2.00e-01,3.40e+00,5.00e+00,6.00e-01,
1133,2.00e-01,3.00e+00,4.60e+00,8.00e-01,
1134,2.00e-01,3.40e+00,5.00e+00,8.00e-01,
1135,0.00e+00,3.00e+00,4.60e+00,6.00e-01,
1136,2.00e-01,3.20e+00,4.60e+00,6.00e-01,
1137,2.00e-01,3.00e+00,5.00e+00,8.00e-01,
1138,2.00e-01,3.00e+00,4.60e+00,6.00e-01,
1139,2.00e-01,3.20e+00,5.00e+00,8.00e-01,
1140,2.00e-01,3.00e+00,5.00e+00,6.00e-01,
1141,2.00e-01,3.20e+00,4.60e+00,8.00e-01,
1142,2.00e-01,3.20e+00,5.00e+00,8.00e-01,
1143,2.00e-01,2.80e+00,4.60e+00,6.00e-01,
1144,2.00e-01,2.80e+00,5.00e+00,8.00e-01,
1145,2.00e-01,3.20e+00,4.60e+00,6.00e-01,
1146,2.00e-01,2.80e+00,5.00e+00,8.00e-01,
1147,0.00e+00,3.00e+00,4.60e+00,6.00e-01,
1148,2.00e-01,2.80e+00,5.00e+00,8.00e-01,
1149,2.00e-01,3.00e+00,4.60e+00,6.00e-01,
1150,2.00e-01,2.80e+00,4.60e+00,8.00e-01,
1151,2.00e-01,3.00e+00,5.00e+00,6.00e-01,
1152,2.00e-01,3.00e+00,5.00e+00,8.00e-01,
1153,2.00e-01,2.40e+00,4.60e+00,6.00e-01,
1154,2.00e-01,2.40e+00,5.00e+00,8.00e-01,
1155,2.00e-01,3.00e+00,4.60e+00,6.00e-01,
1156,2.00e-01,2.60e+00,5.00e+00,6.00e-01,
1157,0.00e+00,2.40e+00,4.80e+00,8.00e-01,
1158,2.00e-01,2.40e+00,4.80e+00,8.00e-01,
1159,0.00e+00,2.60e+00,5.00e+00,6.00e-01,
1160,2.00e-01,2.60e+00,5.00e+00,6.00e-01,
1161,0.00e+00,2.40e+00,4.80e+00,8.00e-01,
1162,2.00e-01,2.60e+00,5.00e+00,8.00e-01,
1163,2.00e-01,2.20e+00,4.80e+00,6.00e-01,
1164,2.00e-01,2.20e+00,5.00e+00,8.00e-01,
1165,2.00e-01,2.60e+00,4.80e+00,6.00e-01,
1166,2.00e-01,2.20e+00,5.00e+00,6.00e-01,
1167,2.00e-01,2.40e+00,4.80e+00,8.00e-01,
1168,2.00e-01,2.40e+00,5.00e+00,8.00e-01,
1169,0.00e+00,2.20e+00,4.80e+00,6.00e-01,
1170,2.00e-01,2.40e+00,5.00e+00,8.00e-01,
1171,0.00e+00,2.20e+00,4.80e+00,6.00e-01,
1172,2.00e-01,2.40e+00,5.00e+00,6.00e-01,
1173,2.00e-01,2.00e+00,4.80e+00,8.00e-01,
1174,2.00e-01,2.40e+00,4.80e+00,6.00e-01,
1175,2.00e-01,2.00e+00,5.00e+00,8.00e-01,
1176,2.00e-01,2.00e+00,5.00e+00,8.00e-01,
1177,2.00e-01,2.20e+00,4.80e+00,6.00e-01,
1178,2.00e-01,2.20e+00,5.00e+00,8.00e-01,
1179,2.00e-01,2.00e+00,4.80e+00,6.00e-01,
1180,2.00e-01,2.20e+00,4.80e+00,8.00e-01,
1181,0.00e+00,1.80e+00,5.00e+00,6.00e-01,
1182,2.00e-01,2.20e+00,4.80e+00,6.00e-01,
1183,0.00e+00,1.80e+00,5.00e+00,8.00e-01,
1184,2.00e-01,2.20e+00,4.80e+00,6.00e-01,
1185,2.00e-01,1.80e+00,5.00e+00,8.00e-01,
1186,2.00e-01,1.80e+00,5.00e+00,6.00e-01,
1187,2.00e-01,2.00e+00,4.80e+00,8.00e-01,
1188,2.00e-01,1.80e+00,5.00e+00,8.00e-01,
1189,2.00e-01,2.00e+00,4.80e+00,6.00e-01,
1190,2.00e-01,2.00e+00,5.00e+00,8.00e-01,
1191,0.00e+00,1.40e+00,4.80e+00,6.00e-01,
1192,2.00e-01,1.40e+00,5.00e+00,6.00e-01,
1193,0.00e+00,2.00e+00,4.80e+00,8.00e-01,
1194,2.00e-01,1.80e+00,5.00e+00,8.00e-01,
1195,2.00e-01,1.40e+00,4.80e+00,6.00e-01,
1196,2.00e-01,1.60e+00,5.00e+00,8.00e-01,
1197,2.00e-01,1.40e+00,4.80e+00,6.00e-01,
1198,2.00e-01,1.60e+00,5.00e+00,8.00e-01,
1199,2.00e-01,1.40e+00,4.80e+00,6.00e-01,
