0, 121997, 763, 761, 761
0, 121999, 762, 762, 762
0, 122001, 763, 761, 761
0, 122003, 762, 761, 761
0, 122005, 763, 761, 761
0, 122006, 764, 761, 761
0, 122008, 763, 761, 761
0, 122010, 763, 761, 761
0, 122012, 763, 761, 761
0, 122014, 762, 761, 761
0, 122015, 763, 761, 761
0, 122017, 763, 760, 760
0, 122019, 762, 760, 760
0, 122021, 763, 761, 761
0, 122023, 762, 761, 761
0, 122025, 763, 761, 761
0, 122026, 763, 760, 760
0, 122028, 763, 761, 761
0, 122030, 763, 760, 760
0, 122032, 763, 761, 761
0, 122034, 762, 761, 761
0, 122035, 763, 761, 761
0, 122037, 763, 760, 760
0, 122039, 760, 761, 761
0, 122041, 763, 761, 761
0, 122043, 763, 762, 762
0, 122045, 763, 761, 761
0, 122046, 763, 761, 761
0, 122048, 763, 761, 761
0, 122050, 763, 761, 761
0, 122052, 761, 761, 761
0, 122054, 762, 761, 761
0, 122056, 763, 760, 760
0, 122057, 763, 761, 761
0, 122059, 763, 761, 761
0, 122061, 763, 761, 761
0, 122063, 762, 761, 761
0, 122065, 763, 760, 760
0, 122066, 763, 762, 762
0, 122068, 764, 760, 760
0, 122070, 762, 761, 761
0, 122072, 763, 760, 760
0, 122074, 763, 761, 761
0, 122076, 762, 761, 761
0, 122077, 762, 761, 761
0, 122079, 763, 761, 761
0, 122081, 763, 761, 761
0, 122083, 762, 761, 761
0, 122085, 762, 761, 761
0, 122086, 762, 760, 760
0, 122088, 763, 761, 761
0, 122090, 763, 761, 761
0, 122092, 763, 761, 761
0, 122094, 764, 761, 761
0, 122096, 762, 763, 763
0, 122097, 763, 762, 762
0, 122099, 763, 761, 761
0, 122101, 763, 761, 761
0, 122103, 763, 763, 763
0, 122105, 763, 760, 760
0, 122106, 763, 760, 760
0, 122108, 762, 761, 761
0, 122110, 763, 760, 760
0, 122112, 762, 761, 761
0, 122114, 763, 761, 761
0, 122116, 762, 761, 761
0, 122117, 763, 762, 762
0, 122119, 763, 761, 761
0, 122121, 762, 761, 761
0, 122123, 762, 761, 761
0, 122125, 763, 761, 761
0, 122126, 763, 762, 762
0, 122128, 763, 761, 761
0, 122130, 763, 761, 761
0, 122132, 762, 763, 763
0, 122134, 763, 761, 761
0, 122136, 762, 763, 763
0, 122137, 763, 760, 760
0, 122139, 763, 760, 760
0, 122141, 762, 761, 761
0, 122143, 763, 765, 765
0, 122145, 762, 761, 761
0, 122147, 764, 761, 761
0, 122148, 763, 761, 761
0, 122150, 762, 761, 761
0, 122152, 762, 761, 761
0, 122154, 763, 760, 760
0, 122156, 762, 762, 762
0, 122157, 762, 761, 761
0, 122159, 762, 761, 761
0, 122161, 761, 760, 760
0, 122163, 763, 762, 762
0, 122165, 763, 763, 763
0, 122167, 763, 761, 761
0, 122168, 762, 761, 761
0, 122170, 763, 761, 761
0, 122172, 763, 761, 761
0, 122174, 763, 760, 760
0, 122176, 764, 761, 761
0, 122177, 763, 761, 761
0, 122179, 763, 761, 761
0, 122181, 763, 761, 761
0, 122183, 763, 761, 761
0, 122185, 763, 761, 761
0, 122187, 762, 761, 761
0, 122188, 762, 761, 761
0, 122190, 763, 760, 760
0, 122192, 763, 761, 761
0, 122194, 763, 761, 761
0, 122196, 763, 762, 762
0, 122197, 763, 759, 759
0, 122199, 763, 762, 762
0, 122201, 763, 761, 761
0, 122203, 763, 761, 761
0, 122205, 763, 766, 766
0, 122207, 763, 759, 759
0, 122208, 763, 761, 761
0, 122210, 762, 761, 761
0, 122212, 763, 761, 761
0, 122214, 763, 763, 763
0, 122216, 763, 761, 761
0, 122217, 763, 758, 758
0, 122219, 762, 761, 761
0, 122221, 763, 760, 760
0, 122223, 762, 762, 762
0, 122225, 763, 761, 761
0, 122227, 762, 761, 761
0, 122228, 763, 760, 760
0, 122230, 763, 761, 761
0, 122232, 762, 761, 761
0, 122234, 762, 761, 761
0, 122236, 762, 761, 761
0, 122238, 763, 761, 761
0, 122239, 762, 761, 761
0, 122241, 762, 761, 761
0, 122243, 763, 761, 761
0, 122245, 763, 762, 762
0, 122247, 763, 760, 760
0, 122249, 763, 763, 763
0, 122250, 762, 760, 760
0, 122252, 763, 761, 761
0, 122254, 763, 760, 760
0, 122256, 763, 761, 761
0, 122258, 762, 759, 759
0, 122259, 763, 760, 760
0, 122261, 762, 761, 761
0, 122263, 763, 761, 761
0, 122265, 761, 760, 760
0, 122267, 760, 761, 761
0, 122269, 762, 760, 760
0, 122270, 763, 761, 761
0, 122272, 762, 760, 760
0, 122274, 762, 756, 756
0, 122276, 763, 761, 761
0, 122278, 762, 762, 762
0, 122279, 764, 762, 762
0, 122281, 763, 761, 761
0, 122283, 762, 761, 761
0, 122285, 762, 761, 761
0, 122287, 763, 761, 761
0, 122289, 763, 761, 761
0, 122290, 763, 761, 761
0, 122292, 762, 761, 761
0, 122294, 763, 760, 760
0, 122296, 763, 761, 761
0, 122298, 762, 761, 761
0, 122299, 763, 761, 761
0, 122301, 763, 761, 761
0, 122303, 763, 760, 760
0, 122305, 763, 760, 760
0, 122307, 763, 761, 761
0, 122309, 763, 758, 758
0, 122310, 762, 761, 761
0, 122312, 763, 761, 761
0, 122314, 762, 760, 760
0, 122316, 763, 760, 760
0, 122318, 763, 761, 761
0, 122319, 763, 760, 760
0, 122321, 763, 760, 760
0, 122323, 763, 761, 761
0, 122325, 762, 760, 760
0, 122327, 763, 761, 761
0, 122329, 763, 761, 761
0, 122330, 762, 761, 761
0, 122332, 763, 761, 761
0, 122334, 763, 761, 761
0, 122336, 763, 763, 763
0, 122338, 763, 761, 761
0, 122340, 764, 761, 761
0, 122341, 763, 761, 761
0, 122343, 763, 761, 761
0, 122345, 762, 761, 761
0, 122347, 763, 760, 760
0, 122349, 763, 761, 761
0, 122350, 761, 761, 761
0, 122352, 763, 762, 762
0, 122354, 762, 761, 761
0, 122356, 762, 760, 760
0, 122358, 763, 761, 761
0, 122360, 762, 761, 761
0, 122361, 763, 760, 760
0, 122363, 763, 761, 761
0, 122365, 763, 761, 761
0, 122367, 762, 761, 761
0, 122369, 763, 761, 761
0, 122370, 763, 761, 761
0, 122372, 763, 761, 761
0, 122374, 761, 760, 760
0, 122376, 762, 762, 762
0, 122378, 763, 761, 761
0, 122380, 762, 761, 761
0, 122381, 763, 761, 761
0, 122383, 764, 762, 762
0, 122385, 763, 760, 760
0, 122387, 763, 761, 761
0, 122389, 762, 760, 760
0, 122390, 763, 761, 761
0, 122392, 763, 760, 760
0, 122394, 763, 761, 761
0, 122396, 763, 762, 762
0, 122398, 763, 759, 759
0, 122400, 763, 761, 761
0, 122401, 762, 761, 761
0, 122403, 761, 760, 760
0, 122405, 763, 761, 761
0, 122407, 763, 760, 760
0, 122409, 763, 763, 763
0, 122410, 763, 761, 761
0, 122412, 763, 761, 761
0, 122414, 762, 762, 762
0, 122416, 762, 761, 761
0, 122418, 763, 762, 762
0, 122420, 763, 761, 761
0, 122421, 763, 761, 761
0, 122423, 763, 761, 761
0, 122425, 763, 761, 761
0, 122427, 762, 761, 761
0, 122429, 763, 761, 761
0, 122431, 762, 761, 761
0, 122432, 760, 760, 760
0, 122434, 763, 760, 760
0, 122436, 763, 761, 761
0, 122438, 764, 761, 761
0, 122440, 762, 760, 760
0, 122441, 762, 761, 761
0, 122443, 763, 761, 761
0, 122445, 762, 761, 761
0, 122447, 762, 761, 761
0, 122449, 763, 761, 761
0, 122451, 763, 759, 759
0, 122452, 762, 761, 761
0, 122454, 761, 760, 760
0, 122456, 763, 761, 761
0, 122458, 763, 761, 761
0, 122460, 765, 761, 761
0, 122462, 763, 760, 760
0, 122463, 762, 761, 761
0, 122465, 763, 761, 761
0, 122467, 763, 761, 761
0, 122469, 762, 762, 762
0, 122471, 762, 761, 761
0, 122472, 761, 761, 761
0, 122474, 763, 761, 761
0, 122476, 764, 762, 762
0, 122478, 763, 761, 761
0, 122480, 763, 761, 761
0, 122482, 763, 761, 761
0, 122483, 762, 761, 761
0, 122485, 763, 761, 761
0, 122487, 763, 761, 761
0, 122489, 762, 761, 761
0, 122491, 763, 760, 760
0, 122492, 763, 764, 764
0, 122494, 762, 760, 760
0, 122496, 764, 761, 761
0, 122498, 763, 762, 762
0, 122500, 763, 761, 761
0, 122502, 763, 759, 759
0, 122503, 762, 761, 761
0, 122505, 763, 761, 761
0, 122507, 762, 761, 761
0, 122509, 763, 761, 761
0, 122511, 763, 760, 760
0, 122512, 762, 761, 761
0, 122514, 762, 760, 760
0, 122516, 764, 761, 761
0, 122518, 763, 761, 761
0, 122520, 763, 760, 760
0, 122522, 763, 761, 761
0, 122523, 764, 760, 760
0, 122525, 763, 761, 761
0, 122527, 763, 761, 761
0, 122529, 763, 761, 761
0, 122531, 764, 760, 760
0, 122533, 762, 761, 761
0, 122534, 762, 761, 761
0, 122536, 763, 761, 761
0, 122538, 763, 761, 761
0, 122540, 763, 761, 761
0, 122542, 764, 761, 761
0, 122543, 763, 760, 760
0, 122545, 763, 759, 759
0, 122547, 762, 761, 761
0, 122549, 763, 760, 760
0, 122551, 762, 761, 761
0, 122553, 761, 760, 760
0, 122554, 763, 761, 761
0, 122556, 763, 761, 761
0, 122558, 763, 760, 760
0, 122560, 763, 761, 761
0, 122562, 763, 761, 761
0, 122563, 763, 761, 761
0, 122565, 763, 761, 761
0, 122567, 763, 760, 760
0, 122569, 763, 761, 761
0, 122571, 763, 761, 761
0, 122573, 763, 761, 761
0, 122574, 763, 762, 762
0, 122576, 761, 760, 760
0, 122578, 763, 761, 761
0, 122580, 764, 761, 761
0, 122582, 763, 760, 760
0, 122583, 763, 761, 761
0, 122585, 763, 760, 760
0, 122587, 762, 761, 761
0, 122589, 762, 761, 761
0, 122591, 763, 761, 761
0, 122593, 762, 761, 761
0, 122594, 763, 760, 760
0, 122596, 762, 761, 761
0, 122598, 762, 762, 762
0, 122600, 762, 762, 762
0, 122602, 762, 762, 762
0, 122603, 761, 761, 761
0, 122605, 763, 760, 760
0, 122607, 763, 761, 761
0, 122609, 763, 766, 766
0, 122611, 763, 763, 763
0, 122613, 763, 761, 761
0, 122614, 763, 761, 761
0, 122616, 763, 761, 761
0, 122618, 763, 761, 761
0, 122620, 763, 760, 760
0, 122622, 763, 761, 761
0, 122624, 766, 761, 761
0, 122625, 763, 761, 761
0, 122627, 763, 761, 761
0, 122629, 763, 760, 760
0, 122631, 762, 761, 761
0, 122633, 763, 763, 763
0, 122634, 764, 760, 760
0, 122636, 764, 761, 761
0, 122638, 761, 761, 761
0, 122640, 763, 761, 761
0, 122642, 763, 761, 761
0, 122644, 762, 761, 761
0, 122645, 763, 760, 760
0, 122647, 763, 761, 761
0, 122649, 763, 762, 762
0, 122651, 762, 761, 761
0, 122653, 763, 761, 761
0, 122654, 762, 760, 760
0, 122656, 763, 760, 760
0, 122658, 763, 761, 761
0, 122660, 763, 761, 761
0, 122662, 763, 761, 761
0, 122664, 762, 761, 761
0, 122665, 762, 761, 761
0, 122667, 763, 762, 762
0, 122669, 762, 763, 763
0, 122671, 763, 761, 761
0, 122673, 763, 762, 762
0, 122674, 764, 760, 760
0, 122676, 763, 761, 761
0, 122678, 762, 762, 762
0, 122680, 763, 761, 761
0, 122682, 764, 761, 761
0, 122684, 763, 761, 761
0, 122685, 763, 761, 761
0, 122687, 763, 761, 761
0, 122689, 762, 761, 761
0, 122691, 763, 761, 761
0, 122693, 763, 762, 762
0, 122694, 763, 761, 761
0, 122696, 762, 760, 760
0, 122698, 763, 762, 762
0, 122700, 761, 761, 761
0, 122702, 763, 761, 761
0, 122704, 762, 761, 761
0, 122705, 763, 760, 760
0, 122707, 762, 765, 765
0, 122709, 762, 761, 761
0, 122711, 763, 762, 762
0, 122713, 763, 761, 761
0, 122715, 763, 761, 761
0, 122716, 763, 761, 761
0, 122718, 763, 761, 761
0, 122720, 763, 760, 760
0, 122722, 763, 762, 762
0, 122724, 763, 761, 761
0, 122726, 763, 760, 760
0, 122727, 763, 762, 762
0, 122729, 763, 761, 761
0, 122731, 762, 761, 761
0, 122733, 763, 762, 762
0, 122735, 763, 761, 761
0, 122736, 763, 761, 761
0, 122738, 763, 761, 761
0, 122740, 762, 762, 762
0, 122742, 763, 761, 761
0, 122744, 763, 762, 762
0, 122746, 762, 761, 761
0, 122747, 762, 761, 761
0, 122749, 763, 761, 761
0, 122751, 763, 762, 762
0, 122753, 764, 761, 761
0, 122755, 763, 762, 762
0, 122756, 762, 759, 759
0, 122758, 763, 761, 761
0, 122760, 764, 761, 761
0, 122762, 763, 757, 757
0, 122764, 763, 761, 761
0, 122766, 763, 761, 761
0, 122767, 763, 761, 761
0, 122769, 763, 761, 761
0, 122771, 764, 760, 760
0, 122773, 762, 761, 761
0, 122775, 762, 761, 761
0, 122777, 765, 761, 761
0, 122778, 764, 761, 761
0, 122780, 762, 761, 761
0, 122782, 763, 761, 761
0, 122784, 762, 761, 761
0, 122786, 763, 761, 761
0, 122787, 763, 761, 761
0, 122789, 763, 761, 761
0, 122791, 763, 761, 761
0, 122793, 763, 760, 760
0, 122795, 762, 762, 762
0, 122797, 763, 757, 757
0, 122798, 762, 761, 761
0, 122800, 764, 761, 761
0, 122802, 763, 761, 761
0, 122804, 763, 762, 762
0, 122806, 763, 762, 762
0, 122808, 763, 761, 761
0, 122809, 763, 761, 761
0, 122811, 763, 760, 760
0, 122813, 763, 761, 761
0, 122815, 763, 761, 761
0, 122817, 763, 761, 761
0, 122818, 764, 761, 761
0, 122820, 763, 761, 761
0, 122822, 763, 761, 761
0, 122824, 762, 762, 762
0, 122826, 762, 761, 761
0, 122828, 762, 761, 761
0, 122829, 762, 765, 765
0, 122831, 763, 761, 761
0, 122833, 762, 762, 762
0, 122835, 762, 760, 760
0, 122837, 762, 761, 761
0, 122838, 763, 760, 760
0, 122840, 762, 761, 761
0, 122842, 763, 761, 761
0, 122844, 763, 761, 761
0, 122846, 763, 760, 760
0, 122848, 763, 761, 761
0, 122849, 762, 760, 760
0, 122851, 763, 762, 762
0, 122853, 763, 761, 761
0, 122855, 763, 761, 761
0, 122857, 764, 761, 761
0, 122858, 763, 761, 761
0, 122860, 762, 761, 761
0, 122862, 762, 762, 762
0, 122864, 763, 762, 762
0, 122866, 763, 761, 761
0, 122868, 763, 761, 761
0, 122869, 763, 762, 762
0, 122871, 763, 757, 757
0, 122873, 761, 761, 761
0, 122875, 763, 760, 760
0, 122877, 762, 761, 761
0, 122878, 763, 761, 761
0, 122880, 763, 761, 761
0, 122882, 763, 761, 761
0, 122884, 763, 761, 761
0, 122886, 762, 761, 761
0, 122888, 763, 761, 761
0, 122889, 763, 760, 760
0, 122891, 763, 761, 761
0, 122893, 763, 761, 761
0, 122895, 763, 761, 761
0, 122897, 763, 761, 761
0, 122899, 765, 761, 761
0, 122900, 762, 760, 760
0, 122902, 763, 761, 761
0, 122904, 763, 759, 759
0, 122906, 763, 761, 761
0, 122908, 762, 763, 763
0, 122909, 760, 760, 760
0, 122911, 762, 760, 760
0, 122913, 761, 761, 761
0, 122915, 763, 761, 761
0, 122917, 763, 761, 761
0, 122919, 765, 761, 761
0, 122920, 763, 760, 760
0, 122922, 762, 759, 759
0, 122924, 762, 761, 761
0, 122926, 762, 761, 761
0, 122928, 763, 761, 761
0, 122929, 763, 760, 760
0, 122931, 760, 761, 761
0, 122933, 762, 761, 761
0, 122935, 763, 761, 761
0, 122937, 763, 761, 761
0, 122939, 764, 761, 761
0, 122940, 763, 761, 761
0, 122942, 763, 760, 760
0, 122944, 763, 760, 760
0, 122946, 763, 762, 762
0, 122948, 763, 761, 761
0, 122949, 763, 763, 763
0, 122951, 764, 761, 761
0, 122953, 763, 760, 760
0, 122955, 763, 761, 761
0, 122957, 763, 761, 761
0, 122959, 762, 762, 762
0, 122960, 763, 762, 762
0, 122962, 763, 761, 761
0, 122964, 763, 761, 761
0, 122966, 763, 760, 760
0, 122968, 763, 761, 761
0, 122970, 763, 761, 761
0, 122971, 763, 760, 760
0, 122973, 763, 761, 761
0, 122975, 763, 761, 761
0, 122977, 762, 761, 761
0, 122979, 763, 761, 761
0, 122980, 762, 761, 761
0, 122982, 760, 760, 760
0, 122984, 763, 761, 761
0, 122986, 763, 761, 761
0, 122988, 763, 761, 761
0, 122990, 763, 762, 762
0, 122991, 763, 761, 761
0, 122993, 763, 761, 761
0, 122995, 763, 761, 761
0, 122997, 763, 761, 761
0, 122999, 763, 761, 761
0, 123001, 764, 762, 762
0, 123002, 762, 761, 761
0, 123004, 763, 761, 761
0, 123006, 763, 761, 761
0, 123008, 763, 761, 761
0, 123010, 763, 761, 761
0, 123011, 763, 761, 761
0, 123013, 764, 761, 761
0, 123015, 762, 761, 761
0, 123017, 763, 760, 760
0, 123019, 763, 761, 761
0, 123021, 760, 761, 761
0, 123022, 763, 760, 760
0, 123024, 762, 761, 761
0, 123026, 763, 762, 762
0, 123028, 762, 762, 762
0, 123030, 763, 759, 759
0, 123031, 763, 761, 761
0, 123033, 763, 760, 760
0, 123035, 762, 758, 758
0, 123037, 763, 761, 761
0, 123039, 763, 760, 760
0, 123041, 763, 761, 761
0, 123042, 762, 759, 759
0, 123044, 763, 761, 761
0, 123046, 763, 766, 766
0, 123048, 764, 760, 760
0, 123050, 762, 760, 760
0, 123051, 763, 760, 760
0, 123053, 762, 759, 759
0, 123055, 763, 761, 761
0, 123057, 763, 759, 759
0, 123059, 762, 761, 761
0, 123061, 763, 761, 761
0, 123062, 762, 761, 761
0, 123064, 762, 761, 761
0, 123066, 763, 761, 761
0, 123068, 763, 761, 761
0, 123070, 764, 760, 760
0, 123071, 762, 761, 761
0, 123073, 763, 760, 760
0, 123075, 763, 761, 761
0, 123077, 762, 761, 761
0, 123079, 762, 761, 761
0, 123081, 763, 761, 761
0, 123082, 763, 766, 766
0, 123084, 762, 761, 761
0, 123086, 762, 762, 762
0, 123088, 762, 761, 761
0, 123090, 762, 760, 760
0, 123092, 762, 761, 761
0, 123093, 762, 761, 761
0, 123095, 763, 761, 761
0, 123097, 763, 761, 761
0, 123099, 763, 761, 761
0, 123101, 763, 766, 766
0, 123102, 762, 761, 761
0, 123104, 763, 761, 761
0, 123106, 763, 760, 760
0, 123108, 762, 762, 762
0, 123110, 762, 761, 761
0, 123112, 762, 760, 760
0, 123113, 764, 760, 760
0, 123115, 762, 761, 761
0, 123117, 762, 760, 760
0, 123119, 762, 760, 760
0, 123121, 763, 761, 761
0, 123122, 762, 760, 760
0, 123124, 763, 760, 760
0, 123126, 762, 762, 762
0, 123128, 762, 761, 761
0, 123130, 763, 761, 761
0, 123132, 763, 761, 761
0, 123133, 763, 762, 762
0, 123135, 763, 761, 761
0, 123137, 763, 761, 761
0, 123139, 762, 761, 761
0, 123141, 763, 760, 760
0, 123142, 762, 762, 762
0, 123144, 763, 761, 761
0, 123146, 763, 761, 761
0, 123148, 763, 761, 761
0, 123150, 762, 761, 761
0, 123152, 763, 761, 761
0, 123153, 764, 761, 761
0, 123155, 763, 760, 760
0, 123157, 763, 762, 762
0, 123159, 763, 761, 761
0, 123161, 763, 760, 760
0, 123162, 763, 760, 760
0, 123164, 764, 760, 760
0, 123166, 763, 762, 762
0, 123168, 762, 760, 760
0, 123170, 763, 761, 761
0, 123172, 763, 761, 761
0, 123173, 763, 760, 760
0, 123175, 763, 761, 761
0, 123177, 763, 761, 761
0, 123179, 763, 761, 761
0, 123181, 763, 761, 761
0, 123183, 763, 761, 761
0, 123184, 763, 761, 761
0, 123186, 760, 761, 761
0, 123188, 760, 761, 761
0, 123190, 763, 760, 760
0, 123192, 763, 761, 761
0, 123193, 762, 761, 761
0, 123195, 763, 761, 761
0, 123197, 763, 761, 761
0, 123199, 762, 761, 761
0, 123201, 763, 761, 761
0, 123203, 763, 761, 761
0, 123204, 763, 759, 759
0, 123206, 762, 761, 761
0, 123208, 762, 762, 762
0, 123210, 763, 761, 761
0, 123212, 763, 761, 761
0, 123214, 763, 761, 761
0, 123215, 763, 761, 761
0, 123217, 763, 761, 761
0, 123219, 763, 760, 760
0, 123221, 763, 761, 761
0, 123223, 761, 760, 760
0, 123224, 763, 761, 761
0, 123226, 763, 761, 761
0, 123228, 762, 761, 761
0, 123230, 763, 761, 761
0, 123232, 763, 761, 761
0, 123234, 762, 760, 760
0, 123235, 762, 761, 761
0, 123237, 761, 761, 761
0, 123239, 763, 761, 761
0, 123241, 762, 761, 761
0, 123243, 762, 760, 760
0, 123245, 764, 762, 762
0, 123246, 764, 761, 761
0, 123248, 763, 761, 761
0, 123250, 763, 761, 761
0, 123252, 763, 761, 761
0, 123254, 764, 759, 759
0, 123255, 763, 761, 761
0, 123257, 763, 760, 760
0, 123259, 763, 761, 761
0, 123261, 763, 760, 760
0, 123263, 763, 761, 761
0, 123265, 762, 761, 761
0, 123266, 762, 759, 759
0, 123268, 763, 761, 761
0, 123270, 763, 760, 760
0, 123272, 763, 760, 760
0, 123274, 763, 760, 760
0, 123276, 763, 761, 761
0, 123277, 763, 761, 761
0, 123279, 763, 761, 761
0, 123281, 762, 761, 761
0, 123283, 763, 761, 761
0, 123285, 762, 761, 761
0, 123286, 760, 761, 761
0, 123288, 763, 761, 761
0, 123290, 762, 760, 760
0, 123292, 762, 762, 762
0, 123294, 763, 761, 761
0, 123296, 762, 761, 761
0, 123297, 763, 761, 761
0, 123299, 763, 761, 761
0, 123301, 762, 760, 760
0, 123303, 763, 763, 763
0, 123305, 762, 761, 761
0, 123306, 763, 761, 761
0, 123308, 763, 761, 761
0, 123310, 762, 760, 760
0, 123312, 763, 764, 764
0, 123314, 763, 761, 761
0, 123316, 763, 760, 760
0, 123317, 763, 756, 756
0, 123319, 763, 761, 761
0, 123321, 763, 761, 761
0, 123323, 762, 762, 762
0, 123325, 761, 760, 760
0, 123326, 763, 760, 760
0, 123328, 763, 761, 761
0, 123330, 762, 762, 762
0, 123332, 762, 761, 761
0, 123334, 762, 761, 761
0, 123336, 763, 761, 761
0, 123337, 763, 760, 760
0, 123339, 762, 761, 761
0, 123341, 764, 761, 761
0, 123343, 763, 761, 761
0, 123345, 763, 761, 761
0, 123346, 763, 761, 761
0, 123348, 763, 761, 761
0, 123350, 763, 762, 762
0, 123352, 762, 761, 761
0, 123354, 763, 762, 762
0, 123356, 763, 761, 761
0, 123357, 764, 761, 761
0, 123359, 763, 761, 761
0, 123361, 763, 762, 762
0, 123363, 762, 761, 761
0, 123365, 761, 761, 761
0, 123367, 763, 762, 762
0, 123368, 764, 761, 761
0, 123370, 763, 761, 761
0, 123372, 763, 761, 761
0, 123374, 760, 762, 762
0, 123376, 762, 761, 761
0, 123377, 761, 761, 761
0, 123379, 762, 761, 761
0, 123381, 763, 761, 761
0, 123383, 762, 761, 761
0, 123385, 762, 762, 762
0, 123387, 763, 761, 761
0, 123388, 763, 762, 762
0, 123390, 764, 761, 761
0, 123392, 763, 761, 761
0, 123394, 763, 761, 761
0, 123396, 763, 761, 761
0, 123397, 763, 763, 763
0, 123399, 763, 761, 761
0, 123401, 763, 761, 761
0, 123403, 763, 761, 761
0, 123405, 762, 761, 761
0, 123407, 763, 760, 760
0, 123408, 763, 761, 761
0, 123410, 762, 761, 761
0, 123412, 763, 761, 761
0, 123414, 763, 762, 762
0, 123416, 764, 761, 761
0, 123417, 763, 761, 761
0, 123419, 763, 762, 762
0, 123421, 762, 761, 761
0, 123423, 763, 761, 761
0, 123425, 763, 761, 761
0, 123427, 763, 761, 761
0, 123428, 762, 762, 762
0, 123430, 763, 761, 761
0, 123432, 763, 760, 760
0, 123434, 763, 761, 761
0, 123436, 763, 761, 761
0, 123437, 762, 759, 759
0, 123439, 763, 760, 760
0, 123441, 763, 761, 761
0, 123443, 763, 760, 760
0, 123445, 762, 761, 761
0, 123447, 763, 761, 761
0, 123448, 763, 760, 760
0, 123450, 763, 761, 761
0, 123452, 762, 761, 761
0, 123454, 763, 761, 761
0, 123456, 763, 761, 761
0, 123458, 762, 764, 764
0, 123459, 762, 761, 761
0, 123461, 762, 761, 761
0, 123463, 763, 761, 761
0, 123465, 763, 760, 760
0, 123467, 763, 761, 761
0, 123468, 763, 761, 761
0, 123470, 763, 761, 761
0, 123472, 763, 761, 761
0, 123474, 764, 761, 761
0, 123476, 763, 761, 761
0, 123478, 762, 760, 760
0, 123479, 763, 760, 760
0, 123481, 762, 761, 761
0, 123483, 762, 762, 762
0, 123485, 762, 761, 761
0, 123487, 763, 761, 761
0, 123488, 763, 761, 761
0, 123490, 763, 762, 762
0, 123492, 762, 761, 761
0, 123494, 763, 761, 761
0, 123496, 762, 762, 762
0, 123498, 762, 761, 761
0, 123499, 762, 761, 761
0, 123501, 763, 761, 761
0, 123503, 762, 760, 760
0, 123505, 763, 761, 761
0, 123507, 763, 761, 761
0, 123508, 763, 761, 761
0, 123510, 763, 761, 761
0, 123512, 763, 761, 761
0, 123514, 763, 761, 761
0, 123516, 763, 761, 761
0, 123518, 764, 761, 761
0, 123519, 762, 761, 761
0, 123521, 763, 761, 761
0, 123523, 763, 761, 761
0, 123525, 762, 761, 761
0, 123527, 762, 761, 761
0, 123528, 763, 761, 761
0, 123530, 762, 761, 761
0, 123532, 763, 761, 761
0, 123534, 763, 760, 760
0, 123536, 763, 761, 761
0, 123538, 763, 761, 761
0, 123539, 762, 760, 760
0, 123541, 763, 761, 761
0, 123543, 763, 761, 761
0, 123545, 763, 761, 761
0, 123547, 763, 760, 760
0, 123549, 762, 762, 762
0, 123550, 765, 761, 761
0, 123552, 763, 761, 761
0, 123554, 762, 761, 761
0, 123556, 762, 761, 761
0, 123558, 762, 761, 761
0, 123559, 763, 760, 760
0, 123561, 763, 761, 761
0, 123563, 762, 761, 761
0, 123565, 762, 761, 761
0, 123567, 763, 760, 760
0, 123569, 762, 761, 761
0, 123570, 763, 760, 760
0, 123572, 763, 760, 760
0, 123574, 762, 762, 762
0, 123576, 763, 761, 761
0, 123578, 762, 761, 761
0, 123579, 762, 762, 762
0, 123581, 763, 761, 761
0, 123583, 762, 761, 761
0, 123585, 762, 761, 761
0, 123587, 763, 761, 761
0, 123589, 763, 761, 761
0, 123590, 763, 761, 761
0, 123592, 761, 760, 760
0, 123594, 763, 760, 760
0, 123596, 762, 761, 761
0, 123598, 763, 761, 761
0, 123599, 763, 761, 761
0, 123601, 763, 762, 762
0, 123603, 763, 761, 761
0, 123605, 764, 761, 761
0, 123607, 763, 760, 760
0, 123609, 763, 761, 761
0, 123610, 761, 761, 761
0, 123612, 763, 760, 760
0, 123614, 761, 761, 761
0, 123616, 763, 761, 761
0, 123618, 762, 761, 761
0, 123619, 763, 761, 761
0, 123621, 763, 763, 763
0, 123623, 763, 760, 760
0, 123625, 764, 761, 761
0, 123627, 763, 761, 761
0, 123629, 763, 762, 762
0, 123630, 763, 760, 760
0, 123632, 763, 761, 761
0, 123634, 763, 761, 761
0, 123636, 762, 760, 760
0, 123638, 763, 761, 761
0, 123640, 763, 760, 760
0, 123641, 762, 761, 761
0, 123643, 763, 761, 761
0, 123645, 763, 761, 761
0, 123647, 763, 760, 760
0, 123649, 762, 761, 761
0, 123650, 763, 761, 761
0, 123652, 763, 760, 760
0, 123654, 762, 757, 757
0, 123656, 763, 761, 761
0, 123658, 762, 759, 759
0, 123660, 762, 761, 761
0, 123661, 763, 761, 761
0, 123663, 761, 760, 760
0, 123665, 763, 760, 760
0, 123667, 763, 762, 762
0, 123669, 763, 761, 761
0, 123670, 762, 761, 761
0, 123672, 763, 762, 762
0, 123674, 762, 761, 761
0, 123676, 762, 761, 761
0, 123678, 762, 761, 761
0, 123680, 763, 760, 760
0, 123681, 762, 761, 761
0, 123683, 762, 762, 762
0, 123685, 763, 761, 761
0, 123687, 762, 756, 756
0, 123689, 763, 760, 760
0, 123690, 763, 761, 761
0, 123692, 761, 760, 760
0, 123694, 763, 761, 761
0, 123696, 763, 761, 761
0, 123698, 763, 761, 761
0, 123700, 762, 761, 761
0, 123701, 763, 761, 761
0, 123703, 762, 760, 760
0, 123705, 763, 762, 762
0, 123707, 763, 762, 762
0, 123709, 763, 762, 762
0, 123710, 763, 761, 761
0, 123712, 764, 761, 761
0, 123714, 763, 761, 761
0, 123716, 763, 760, 760
0, 123718, 763, 759, 759
0, 123720, 763, 761, 761
0, 123721, 763, 759, 759
0, 123723, 763, 761, 761
0, 123725, 762, 761, 761
0, 123727, 762, 760, 760
0, 123729, 763, 761, 761
0, 123731, 763, 763, 763
0, 123732, 763, 759, 759
0, 123734, 763, 762, 762
0, 123736, 762, 761, 761
0, 123738, 762, 761, 761
0, 123740, 763, 761, 761
0, 123742, 763, 761, 761
0, 123743, 762, 760, 760
0, 123745, 763, 761, 761
0, 123747, 762, 760, 760
0, 123749, 763, 761, 761
0, 123751, 762, 761, 761
0, 123753, 762, 761, 761
0, 123754, 763, 763, 763
0, 123756, 763, 761, 761
0, 123758, 763, 761, 761
0, 123760, 763, 761, 761
0, 123762, 763, 761, 761
0, 123763, 762, 761, 761
0, 123765, 763, 761, 761
0, 123767, 763, 761, 761
0, 123769, 763, 760, 760
0, 123771, 762, 761, 761
0, 123773, 763, 759, 759
0, 123774, 763, 762, 762
0, 123776, 763, 760, 760
0, 123778, 762, 761, 761
0, 123780, 762, 761, 761
0, 123782, 762, 761, 761
0, 123783, 763, 762, 762
0, 123785, 762, 764, 764
0, 123787, 763, 761, 761
0, 123789, 762, 761, 761
0, 123791, 763, 761, 761
0, 123793, 763, 761, 761
0, 123794, 763, 761, 761
0, 123796, 763, 761, 761
0, 123798, 760, 759, 759
0, 123800, 763, 761, 761
0, 123802, 762, 761, 761
0, 123803, 762, 761, 761
0, 123805, 762, 761, 761
0, 123807, 762, 762, 762
0, 123809, 762, 761, 761
0, 123811, 763, 761, 761
0, 123813, 763, 761, 761
0, 123814, 763, 760, 760
0, 123816, 763, 760, 760
0, 123818, 762, 760, 760
0, 123820, 763, 761, 761
0, 123822, 763, 761, 761
0, 123824, 762, 761, 761
0, 123825, 762, 761, 761
0, 123827, 762, 760, 760
0, 123829, 763, 761, 761
0, 123831, 762, 761, 761
0, 123833, 762, 762, 762
0, 123834, 763, 761, 761
0, 123836, 763, 762, 762
0, 123838, 763, 761, 761
0, 123840, 763, 761, 761
0, 123842, 763, 761, 761
0, 123844, 762, 761, 761
0, 123845, 762, 761, 761
0, 123847, 763, 760, 760
0, 123849, 763, 761, 761
0, 123851, 762, 761, 761
0, 123853, 762, 761, 761
0, 123854, 763, 761, 761
0, 123856, 762, 761, 761
0, 123858, 763, 762, 762
0, 123860, 763, 761, 761
0, 123862, 762, 760, 760
0, 123864, 763, 762, 762
0, 123865, 763, 761, 761
0, 123867, 762, 761, 761
0, 123869, 763, 760, 760
0, 123871, 763, 761, 761
0, 123873, 763, 761, 761
0, 123874, 762, 760, 760
0, 123876, 762, 760, 760
0, 123878, 764, 761, 761
0, 123880, 762, 759, 759
0, 123882, 762, 761, 761
0, 123884, 763, 761, 761
0, 123885, 763, 761, 761
0, 123887, 763, 760, 760
0, 123889, 762, 761, 761
0, 123891, 762, 763, 763
0, 123893, 762, 760, 760
0, 123894, 763, 761, 761
0, 123896, 762, 761, 761
0, 123898, 763, 760, 760
0, 123900, 763, 761, 761
0, 123902, 763, 761, 761
0, 123904, 764, 760, 760
0, 123905, 763, 761, 761
0, 123907, 763, 760, 760
0, 123909, 763, 761, 761
0, 123911, 763, 760, 760
0, 123913, 763, 760, 760
0, 123915, 762, 761, 761
0, 123916, 762, 761, 761
0, 123918, 763, 761, 761
0, 123920, 763, 762, 762
0, 123922, 763, 761, 761
0, 123924, 762, 760, 760
0, 123925, 763, 761, 761
0, 123927, 762, 762, 762
0, 123929, 763, 761, 761
0, 123931, 763, 761, 761
0, 123933, 762, 761, 761
0, 123935, 762, 761, 761
0, 123936, 762, 761, 761
0, 123938, 763, 763, 763
0, 123940, 764, 761, 761
0, 123942, 763, 761, 761
0, 123944, 763, 761, 761
0, 123945, 763, 761, 761
0, 123947, 763, 761, 761
0, 123949, 762, 761, 761
0, 123951, 763, 760, 760
0, 123953, 762, 761, 761
0, 123955, 763, 761, 761
0, 123956, 762, 761, 761
0, 123958, 762, 761, 761
0, 123960, 763, 761, 761
0, 123962, 762, 761, 761
0, 123964, 763, 761, 761
0, 123965, 763, 760, 760
0, 123967, 763, 761, 761
0, 123969, 763, 761, 761
0, 123971, 763, 761, 761
0, 123973, 763, 761, 761
0, 123975, 763, 761, 761
0, 123976, 762, 761, 761
0, 123978, 762, 761, 761
0, 123980, 760, 761, 761
0, 123982, 763, 762, 762
0, 123984, 762, 761, 761
0, 123985, 762, 761, 761
0, 123987, 763, 761, 761
0, 123989, 763, 760, 760
0, 123991, 763, 761, 761
0, 123993, 762, 766, 766
0, 123995, 763, 761, 761
0, 123996, 763, 761, 761
0, 123998, 761, 760, 760
0, 124000, 763, 761, 761
0, 124002, 761, 761, 761
0, 124004, 763, 761, 761
0, 124006, 762, 761, 761
0, 124007, 763, 760, 760
0, 124009, 763, 761, 761
0, 124011, 763, 761, 761
0, 124013, 765, 760, 760
0, 124015, 763, 760, 760
0, 124017, 763, 761, 761
0, 124018, 763, 761, 761
0, 124020, 763, 763, 763
0, 124022, 764, 761, 761
0, 124024, 764, 761, 761
0, 124026, 763, 761, 761
0, 124027, 763, 762, 762
0, 124029, 763, 760, 760
0, 124031, 763, 761, 761
0, 124033, 762, 762, 762
0, 124035, 763, 762, 762
0, 124037, 763, 761, 761
0, 124038, 762, 761, 761
0, 124040, 763, 760, 760
0, 124042, 762, 761, 761
0, 124044, 763, 761, 761
0, 124046, 761, 760, 760
0, 124047, 763, 760, 760
0, 124049, 762, 761, 761
0, 124051, 763, 760, 760
0, 124053, 763, 761, 761
0, 124055, 763, 761, 761
0, 124057, 763, 760, 760
0, 124058, 763, 761, 761
0, 124060, 763, 761, 761
0, 124062, 764, 761, 761
0, 124064, 763, 760, 760
0, 124066, 763, 762, 762
0, 124067, 763, 761, 761
0, 124069, 762, 761, 761
0, 124071, 763, 761, 761
0, 124073, 763, 761, 761
0, 124075, 763, 761, 761
0, 124077, 762, 760, 760
0, 124078, 763, 762, 762
0, 124080, 762, 761, 761
0, 124082, 765, 760, 760
0, 124084, 762, 761, 761
0, 124086, 762, 761, 761
0, 124087, 763, 761, 761
0, 124089, 762, 761, 761
0, 124091, 764, 761, 761
0, 124093, 763, 761, 761
0, 124095, 763, 760, 760
0, 124097, 762, 761, 761
0, 124098, 763, 761, 761
0, 124100, 762, 761, 761
0, 124102, 763, 761, 761
0, 124104, 763, 761, 761
0, 124106, 763, 761, 761
0, 124108, 763, 763, 763
0, 124109, 765, 761, 761
0, 124111, 762, 761, 761
0, 124113, 762, 763, 763
0, 124115, 763, 761, 761
0, 124117, 762, 761, 761
0, 124118, 765, 761, 761
0, 124120, 763, 761, 761
0, 124122, 762, 761, 761
0, 124124, 762, 761, 761
0, 124126, 763, 761, 761
0, 124128, 763, 761, 761
0, 124129, 762, 763, 763
0, 124131, 762, 761, 761
0, 124133, 764, 761, 761
0, 124135, 763, 761, 761
0, 124137, 763, 761, 761
0, 124138, 762, 761, 761
0, 124140, 763, 761, 761
0, 124142, 763, 761, 761
0, 124144, 763, 761, 761
0, 124146, 762, 761, 761
0, 124148, 763, 761, 761
0, 124149, 763, 764, 764
0, 124151, 762, 761, 761
0, 124153, 763, 761, 761
0, 124155, 762, 761, 761
0, 124157, 763, 761, 761
0, 124158, 763, 761, 761
0, 124160, 762, 761, 761
0, 124162, 763, 761, 761
0, 124164, 763, 761, 761
0, 124166, 763, 761, 761
0, 124168, 762, 761, 761
0, 124169, 763, 762, 762
0, 124171, 763, 761, 761
0, 124173, 763, 761, 761
0, 124175, 763, 761, 761
0, 124177, 762, 761, 761
0, 124178, 763, 760, 760
0, 124180, 763, 761, 761
0, 124182, 763, 761, 761
0, 124184, 763, 761, 761
0, 124186, 763, 761, 761
0, 124188, 763, 757, 757
0, 124189, 763, 761, 761
0, 124191, 763, 762, 762
0, 124193, 762, 761, 761
0, 124195, 764, 761, 761
0, 124197, 764, 762, 762
0, 124199, 763, 760, 760
0, 124200, 763, 760, 760
0, 124202, 762, 761, 761
0, 124204, 763, 760, 760
0, 124206, 763, 761, 761
0, 124208, 763, 761, 761
0, 124209, 763, 761, 761
0, 124211, 763, 761, 761
0, 124213, 763, 760, 760
0, 124215, 763, 761, 761
0, 124217, 763, 761, 761
0, 124219, 763, 761, 761
0, 124220, 764, 761, 761
0, 124222, 764, 763, 763
0, 124224, 762, 761, 761
0, 124226, 763, 761, 761
0, 124228, 763, 761, 761
0, 124229, 763, 760, 760
0, 124231, 762, 761, 761
0, 124233, 763, 759, 759
0, 124235, 762, 761, 761
0, 124237, 763, 761, 761
0, 124239, 763, 761, 761
0, 124240, 763, 761, 761
0, 124242, 763, 760, 760
0, 124244, 763, 761, 761
0, 124246, 763, 761, 761
0, 124248, 763, 761, 761
0, 124250, 762, 758, 758
0, 124251, 763, 761, 761
0, 124253, 762, 761, 761
0, 124255, 763, 761, 761
0, 124257, 763, 761, 761
0, 124259, 764, 762, 762
0, 124260, 762, 761, 761
0, 124262, 762, 761, 761
0, 124264, 763, 761, 761
0, 124266, 763, 761, 761
0, 124268, 763, 761, 761
0, 124270, 763, 762, 762
0, 124271, 762, 761, 761
0, 124273, 763, 761, 761
0, 124275, 762, 761, 761
0, 124277, 760, 761, 761
0, 124279, 764, 760, 760
0, 124280, 763, 761, 761
0, 124282, 762, 760, 760
0, 124284, 763, 761, 761
0, 124286, 763, 761, 761
0, 124288, 763, 761, 761
0, 124290, 763, 760, 760
0, 124291, 763, 761, 761
0, 124293, 763, 760, 760
0, 124295, 762, 760, 760
0, 124297, 762, 761, 761
0, 124299, 762, 761, 761
0, 124301, 763, 761, 761
0, 124302, 762, 761, 761
0, 124304, 763, 760, 760
0, 124306, 762, 761, 761
0, 124308, 763, 761, 761
0, 124310, 762, 760, 760
0, 124311, 763, 760, 760
0, 124313, 763, 761, 761
0, 124315, 762, 761, 761
0, 124317, 762, 761, 761
0, 124319, 763, 760, 760
0, 124321, 763, 761, 761
0, 124322, 763, 761, 761
0, 124324, 763, 761, 761
0, 124326, 763, 760, 760
0, 124328, 761, 760, 760
0, 124330, 763, 761, 761
0, 124331, 764, 761, 761
0, 124333, 762, 761, 761
0, 124335, 763, 756, 756
0, 124337, 763, 761, 761
0, 124339, 763, 760, 760
0, 124341, 763, 766, 766
0, 124342, 763, 761, 761
0, 124344, 763, 762, 762
0, 124346, 763, 760, 760
0, 124348, 763, 761, 761
0, 124350, 763, 761, 761
0, 124351, 762, 761, 761
0, 124353, 763, 761, 761
0, 124355, 763, 761, 761
0, 124357, 763, 761, 761
0, 124359, 763, 761, 761
0, 124361, 763, 760, 760
0, 124362, 763, 761, 761
0, 124364, 763, 761, 761
0, 124366, 762, 761, 761
0, 124368, 765, 761, 761
0, 124370, 763, 761, 761
0, 124371, 762, 761, 761
0, 124373, 763, 761, 761
0, 124375, 762, 762, 762
0, 124377, 762, 761, 761
0, 124379, 764, 762, 762
0, 124381, 763, 761, 761
0, 124382, 762, 756, 756
0, 124384, 763, 761, 761
0, 124386, 763, 761, 761
0, 124388, 763, 760, 760
0, 124390, 762, 761, 761
0, 124392, 762, 761, 761
0, 124393, 764, 761, 761
0, 124395, 763, 762, 762
0, 124397, 763, 762, 762
0, 124399, 762, 761, 761
0, 124401, 764, 762, 762
0, 124402, 762, 761, 761
0, 124404, 763, 762, 762
0, 124406, 764, 761, 761
0, 124408, 763, 758, 758
0, 124410, 763, 757, 757
0, 124412, 764, 761, 761
0, 124413, 762, 762, 762
0, 124415, 763, 761, 761
0, 124417, 763, 761, 761
0, 124419, 763, 761, 761
0, 124421, 763, 761, 761
0, 124422, 763, 761, 761
0, 124424, 763, 757, 757
0, 124426, 763, 761, 761
0, 124428, 763, 760, 760
0, 124430, 763, 762, 762
0, 124432, 763, 762, 762
0, 124433, 763, 761, 761
0, 124435, 762, 761, 761
0, 124437, 763, 762, 762
0, 124439, 762, 761, 761
0, 124441, 763, 761, 761
0, 124442, 763, 760, 760
0, 124444, 763, 761, 761
0, 124446, 763, 761, 761
0, 124448, 762, 763, 763
0, 124450, 763, 762, 762
0, 124452, 762, 761, 761
0, 124453, 763, 761, 761
0, 124455, 762, 765, 765
0, 124457, 762, 761, 761
0, 124459, 763, 761, 761
0, 124461, 762, 763, 763
0, 124462, 764, 761, 761
0, 124464, 763, 760, 760
0, 124466, 763, 762, 762
0, 124468, 762, 762, 762
0, 124470, 762, 761, 761
0, 124472, 763, 761, 761
0, 124473, 763, 761, 761
0, 124475, 763, 761, 761
0, 124477, 764, 761, 761
0, 124479, 763, 762, 762
0, 124481, 762, 761, 761
0, 124483, 763, 761, 761
0, 124484, 763, 761, 761
0, 124486, 762, 761, 761
0, 124488, 763, 761, 761
0, 124490, 763, 761, 761
0, 124492, 763, 761, 761
0, 124493, 762, 762, 762
0, 124495, 763, 760, 760
0, 124497, 763, 759, 759
0, 124499, 763, 762, 762
0, 124501, 763, 761, 761
0, 124503, 763, 759, 759
0, 124504, 763, 760, 760
0, 124506, 763, 760, 760
0, 124508, 761, 760, 760
0, 124510, 762, 761, 761
0, 124512, 763, 761, 761
0, 124514, 763, 761, 761
0, 124515, 761, 760, 760
0, 124517, 763, 761, 761
0, 124519, 763, 761, 761
0, 124521, 763, 761, 761
0, 124523, 763, 758, 758
0, 124524, 763, 762, 762
0, 124526, 763, 760, 760
0, 124528, 763, 761, 761
0, 124530, 763, 761, 761
0, 124532, 763, 760, 760
0, 124534, 762, 761, 761
0, 124535, 763, 762, 762
0, 124537, 763, 762, 762
0, 124539, 762, 761, 761
0, 124541, 762, 761, 761
0, 124543, 763, 761, 761
0, 124544, 762, 761, 761
0, 124546, 762, 761, 761
0, 124548, 763, 761, 761
0, 124550, 762, 761, 761
0, 124552, 761, 761, 761
0, 124554, 763, 761, 761
0, 124555, 763, 760, 760
0, 124557, 763, 761, 761
0, 124559, 762, 762, 762
0, 124561, 763, 761, 761
0, 124563, 762, 761, 761
0, 124565, 763, 760, 760
0, 124566, 762, 761, 761
0, 124568, 763, 761, 761
0, 124570, 764, 761, 761
0, 124572, 763, 761, 761
0, 124574, 762, 761, 761
0, 124575, 763, 761, 761
0, 124577, 763, 763, 763
0, 124579, 762, 760, 760
0, 124581, 762, 761, 761
0, 124583, 762, 761, 761
0, 124585, 762, 762, 762
0, 124586, 763, 761, 761
0, 124588, 763, 760, 760
0, 124590, 763, 761, 761
0, 124592, 760, 761, 761
0, 124594, 762, 762, 762
0, 124595, 762, 760, 760
0, 124597, 763, 761, 761
0, 124599, 763, 761, 761
0, 124601, 762, 761, 761
0, 124603, 763, 761, 761
0, 124605, 763, 761, 761
0, 124606, 763, 760, 760
0, 124608, 763, 761, 761
0, 124610, 763, 761, 761
0, 124612, 762, 762, 762
0, 124614, 762, 761, 761
0, 124615, 763, 761, 761
0, 124617, 763, 761, 761
0, 124619, 763, 760, 760
0, 124621, 763, 761, 761
0, 124623, 762, 761, 761
0, 124625, 763, 761, 761
0, 124626, 763, 761, 761
0, 124628, 762, 760, 760
0, 124630, 763, 760, 760
0, 124632, 763, 761, 761
0, 124634, 763, 766, 766
0, 124635, 764, 761, 761
0, 124637, 763, 761, 761
0, 124639, 763, 762, 762
0, 124641, 763, 760, 760
0, 124643, 762, 761, 761
0, 124645, 763, 761, 761
0, 124646, 762, 761, 761
0, 124648, 763, 760, 760
0, 124650, 763, 760, 760
0, 124652, 763, 761, 761
0, 124654, 763, 761, 761
0, 124656, 761, 761, 761
0, 124657, 763, 761, 761
0, 124659, 763, 761, 761
0, 124661, 762, 761, 761
0, 124663, 763, 762, 762
0, 124665, 762, 761, 761
0, 124666, 762, 762, 762
0, 124668, 763, 761, 761
0, 124670, 760, 761, 761
0, 124672, 763, 761, 761
0, 124674, 763, 762, 762
0, 124676, 762, 761, 761
0, 124677, 762, 761, 761
0, 124679, 762, 761, 761
0, 124681, 763, 758, 758
0, 124683, 763, 765, 765
0, 124685, 762, 761, 761
0, 124686, 764, 762, 762
0, 124688, 763, 759, 759
0, 124690, 763, 759, 759
0, 124692, 762, 762, 762
0, 124694, 763, 761, 761
0, 124696, 763, 760, 760
0, 124697, 763, 760, 760
0, 124699, 762, 759, 759
0, 124701, 762, 761, 761
0, 124703, 763, 762, 762
0, 124705, 763, 760, 760
0, 124706, 762, 761, 761
0, 124708, 763, 761, 761
0, 124710, 763, 762, 762
0, 124712, 763, 761, 761
0, 124714, 763, 761, 761
0, 124716, 763, 761, 761
0, 124717, 763, 762, 762
0, 124719, 763, 761, 761
0, 124721, 762, 760, 760
0, 124723, 763, 762, 762
0, 124725, 763, 761, 761
0, 124726, 763, 761, 761
0, 124728, 762, 764, 764
0, 124730, 763, 760, 760
0, 124732, 763, 761, 761
0, 124734, 763, 761, 761
0, 124736, 763, 761, 761
0, 124737, 762, 762, 762
0, 124739, 762, 766, 766
0, 124741, 763, 761, 761
0, 124743, 761, 760, 760
0, 124745, 763, 763, 763
0, 124747, 762, 761, 761
0, 124748, 763, 762, 762
0, 124750, 762, 762, 762
0, 124752, 763, 762, 762
0, 124754, 763, 760, 760
0, 124756, 763, 761, 761
0, 124757, 763, 760, 760
0, 124759, 763, 761, 761
0, 124761, 763, 761, 761
0, 124763, 763, 762, 762
0, 124765, 763, 761, 761
0, 124767, 763, 761, 761
0, 124768, 763, 761, 761
0, 124770, 763, 761, 761
0, 124772, 763, 760, 760
0, 124774, 764, 761, 761
0, 124776, 763, 761, 761
0, 124777, 763, 761, 761
0, 124779, 762, 765, 765
0, 124781, 762, 761, 761
0, 124783, 762, 762, 762
0, 124785, 763, 761, 761
0, 124787, 763, 759, 759
0, 124788, 763, 761, 761
0, 124790, 763, 761, 761
0, 124792, 763, 761, 761
0, 124794, 763, 761, 761
0, 124796, 763, 761, 761
0, 124797, 762, 762, 762
0, 124799, 762, 761, 761
0, 124801, 763, 761, 761
0, 124803, 763, 761, 761
0, 124805, 763, 761, 761
0, 124807, 763, 759, 759
0, 124808, 763, 761, 761
0, 124810, 762, 761, 761
0, 124812, 763, 760, 760
0, 124814, 762, 761, 761
0, 124816, 763, 761, 761
0, 124817, 763, 761, 761
0, 124819, 763, 760, 760
0, 124821, 763, 762, 762
0, 124823, 762, 756, 756
0, 124825, 763, 761, 761
0, 124827, 763, 763, 763
0, 124828, 763, 761, 761
0, 124830, 762, 761, 761
0, 124832, 763, 761, 761
0, 124834, 763, 760, 760
0, 124836, 762, 761, 761
0, 124838, 762, 763, 763
0, 124839, 762, 762, 762
0, 124841, 762, 762, 762
0, 124843, 763, 761, 761
0, 124845, 763, 759, 759
0, 124847, 763, 760, 760
0, 124848, 763, 761, 761
0, 124850, 763, 761, 761
0, 124852, 763, 761, 761
0, 124854, 763, 761, 761
0, 124856, 763, 761, 761
0, 124858, 762, 760, 760
0, 124859, 764, 761, 761
0, 124861, 763, 761, 761
0, 124863, 763, 761, 761
0, 124865, 762, 761, 761
0, 124867, 763, 761, 761
0, 124868, 763, 760, 760
0, 124870, 763, 761, 761
0, 124872, 763, 762, 762
0, 124874, 762, 762, 762
0, 124876, 764, 763, 763
0, 124878, 763, 762, 762
0, 124879, 763, 763, 763
0, 124881, 765, 762, 762
0, 124883, 763, 761, 761
0, 124885, 763, 760, 760
0, 124887, 762, 766, 766
0, 124888, 763, 761, 761
0, 124890, 762, 762, 762
0, 124892, 763, 760, 760
0, 124894, 763, 760, 760
0, 124896, 763, 761, 761
0, 124898, 763, 757, 757
0, 124899, 763, 760, 760
0, 124901, 763, 757, 757
0, 124903, 763, 761, 761
0, 124905, 763, 761, 761
0, 124907, 762, 762, 762
0, 124908, 762, 761, 761
0, 124910, 762, 761, 761
0, 124912, 762, 761, 761
0, 124914, 763, 760, 760
0, 124916, 763, 761, 761
0, 124918, 763, 760, 760
0, 124919, 763, 762, 762
0, 124921, 762, 761, 761
0, 124923, 763, 761, 761
0, 124925, 763, 761, 761
0, 124927, 762, 762, 762
0, 124929, 763, 760, 760
0, 124930, 763, 761, 761
0, 124932, 762, 761, 761
0, 124934, 762, 761, 761
0, 124936, 763, 759, 759
0, 124938, 763, 761, 761
0, 124939, 760, 761, 761
0, 124941, 763, 760, 760
0, 124943, 762, 759, 759
0, 124945, 763, 759, 759
0, 124947, 763, 761, 761
0, 124949, 763, 760, 760
0, 124950, 763, 760, 760
0, 124952, 763, 756, 756
0, 124954, 763, 760, 760
0, 124956, 762, 761, 761
0, 124958, 763, 760, 760
0, 124959, 764, 761, 761
0, 124961, 761, 760, 760
0, 124963, 763, 762, 762
0, 124965, 763, 760, 760
0, 124967, 762, 761, 761
0, 124969, 763, 762, 762
0, 124970, 763, 762, 762
0, 124972, 762, 761, 761
0, 124974, 763, 760, 760
0, 124976, 763, 760, 760
0, 124978, 763, 760, 760
0, 124979, 762, 761, 761
0, 124981, 762, 761, 761
0, 124983, 763, 761, 761
0, 124985, 762, 761, 761
0, 124987, 763, 763, 763
0, 124989, 763, 761, 761
0, 124990, 763, 761, 761
0, 124992, 762, 761, 761
0, 124994, 762, 761, 761
0, 124996, 763, 761, 761
0, 124998, 763, 761, 761
0, 124999, 763, 761, 761
0, 125001, 763, 760, 760
0, 125003, 763, 761, 761
0, 125005, 761, 760, 760
0, 125007, 763, 761, 761
0, 125009, 762, 761, 761
0, 125010, 763, 762, 762
0, 125012, 763, 761, 761
0, 125014, 762, 761, 761
0, 125016, 763, 761, 761
0, 125018, 763, 761, 761
0, 125020, 763, 761, 761
0, 125021, 763, 760, 760
0, 125023, 764, 761, 761
0, 125025, 764, 756, 756
0, 125027, 763, 762, 762
0, 125029, 763, 762, 762
0, 125031, 763, 761, 761
0, 125032, 763, 761, 761
0, 125034, 763, 758, 758
0, 125036, 762, 758, 758
0, 125038, 763, 761, 761
0, 125040, 763, 761, 761
0, 125042, 762, 761, 761
0, 125043, 763, 760, 760
0, 125045, 763, 761, 761
0, 125047, 762, 761, 761
0, 125049, 763, 761, 761
0, 125051, 763, 762, 762
0, 125052, 763, 760, 760
0, 125054, 764, 761, 761
0, 125056, 763, 761, 761
0, 125058, 763, 759, 759
0, 125060, 765, 761, 761
0, 125062, 762, 761, 761
0, 125063, 763, 761, 761
0, 125065, 763, 760, 760
0, 125067, 762, 763, 763
0, 125069, 762, 760, 760
0, 125071, 763, 761, 761
0, 125072, 762, 761, 761
0, 125074, 763, 761, 761
0, 125076, 763, 766, 766
0, 125078, 762, 761, 761
0, 125080, 763, 761, 761
0, 125082, 763, 761, 761
0, 125083, 763, 761, 761
0, 125085, 763, 760, 760
0, 125087, 763, 760, 760
0, 125089, 763, 761, 761
0, 125091, 763, 760, 760
0, 125092, 764, 761, 761
0, 125094, 762, 761, 761
0, 125096, 763, 762, 762
0, 125098, 762, 756, 756
0, 125100, 763, 761, 761
0, 125102, 763, 760, 760
0, 125103, 763, 761, 761
0, 125105, 763, 760, 760
0, 125107, 762, 761, 761
0, 125109, 763, 761, 761
0, 125111, 763, 761, 761
0, 125112, 762, 761, 761
0, 125114, 762, 757, 757
0, 125116, 762, 761, 761
0, 125118, 763, 761, 761
0, 125120, 764, 761, 761
0, 125122, 763, 761, 761
0, 125123, 764, 761, 761
0, 125125, 762, 762, 762
0, 125127, 762, 761, 761
0, 125129, 762, 761, 761
0, 125131, 762, 759, 759
0, 125133, 763, 761, 761
0, 125134, 763, 761, 761
0, 125136, 764, 760, 760
0, 125138, 763, 759, 759
0, 125140, 762, 759, 759
0, 125142, 762, 761, 761
0, 125143, 763, 761, 761
0, 125145, 763, 761, 761
0, 125147, 764, 756, 756
0, 125149, 763, 760, 760
0, 125151, 763, 761, 761
0, 125153, 762, 761, 761
0, 125154, 763, 761, 761
0, 125156, 764, 763, 763
0, 125158, 763, 760, 760
0, 125160, 763, 760, 760
0, 125162, 763, 761, 761
0, 125163, 763, 761, 761
0, 125165, 764, 761, 761
0, 125167, 763, 761, 761
0, 125169, 763, 761, 761
0, 125171, 763, 761, 761
0, 125173, 763, 761, 761
0, 125174, 765, 760, 760
0, 125176, 762, 761, 761
0, 125178, 763, 759, 759
0, 125180, 763, 761, 761
0, 125182, 763, 760, 760
0, 125183, 762, 761, 761
0, 125185, 763, 761, 761
0, 125187, 763, 761, 761
0, 125189, 763, 762, 762
0, 125191, 763, 762, 762
0, 125193, 763, 762, 762
0, 125194, 763, 761, 761
0, 125196, 763, 761, 761
0, 125198, 763, 760, 760
0, 125200, 762, 761, 761
0, 125202, 762, 762, 762
0, 125203, 763, 761, 761
0, 125205, 763, 761, 761
0, 125207, 763, 761, 761
0, 125209, 763, 761, 761
0, 125211, 762, 761, 761
0, 125213, 763, 761, 761
0, 125214, 763, 761, 761
0, 125216, 762, 762, 762
0, 125218, 763, 761, 761
0, 125220, 763, 761, 761
0, 125222, 763, 761, 761
0, 125224, 763, 760, 760
0, 125225, 761, 762, 762
0, 125227, 763, 761, 761
0, 125229, 763, 762, 762
0, 125231, 763, 761, 761
0, 125233, 764, 760, 760
0, 125234, 763, 761, 761
0, 125236, 763, 761, 761
0, 125238, 763, 761, 761
0, 125240, 764, 761, 761
0, 125242, 763, 761, 761
0, 125244, 763, 761, 761
0, 125245, 763, 762, 762
0, 125247, 763, 762, 762
0, 125249, 764, 760, 760
0, 125251, 762, 761, 761
0, 125253, 762, 761, 761
0, 125254, 763, 761, 761
0, 125256, 763, 761, 761
0, 125258, 763, 761, 761
0, 125260, 763, 761, 761
0, 125262, 762, 760, 760
0, 125264, 762, 760, 760
0, 125265, 763, 761, 761
0, 125267, 764, 761, 761
0, 125269, 764, 762, 762
0, 125271, 762, 761, 761
0, 125273, 763, 761, 761
0, 125274, 763, 760, 760
0, 125276, 762, 761, 761
0, 125278, 762, 760, 760
0, 125280, 762, 761, 761
0, 125282, 763, 760, 760
0, 125284, 762, 761, 761
0, 125285, 762, 761, 761
0, 125287, 763, 761, 761
0, 125289, 763, 760, 760
0, 125291, 762, 761, 761
0, 125293, 763, 763, 763
0, 125295, 763, 762, 762
0, 125296, 763, 762, 762
0, 125298, 763, 761, 761
0, 125300, 763, 761, 761
0, 125302, 762, 761, 761
0, 125304, 763, 761, 761
0, 125306, 763, 762, 762
0, 125307, 763, 761, 761
0, 125309, 763, 761, 761
0, 125311, 762, 761, 761
0, 125313, 763, 761, 761
0, 125315, 762, 760, 760
0, 125316, 763, 761, 761
0, 125318, 763, 761, 761
0, 125320, 763, 761, 761
0, 125322, 763, 760, 760
0, 125324, 762, 761, 761
0, 125326, 762, 761, 761
0, 125327, 763, 761, 761
0, 125329, 763, 760, 760
0, 125331, 762, 761, 761
0, 125333, 763, 760, 760
0, 125335, 763, 760, 760
0, 125336, 763, 761, 761
0, 125338, 762, 761, 761
0, 125340, 763, 761, 761
0, 125342, 763, 758, 758
0, 125344, 762, 759, 759
0, 125346, 762, 761, 761
0, 125347, 764, 760, 760
0, 125349, 763, 761, 761
0, 125351, 763, 760, 760
0, 125353, 763, 760, 760
0, 125355, 763, 760, 760
0, 125356, 763, 761, 761
0, 125358, 763, 761, 761
0, 125360, 763, 761, 761
0, 125362, 763, 761, 761
0, 125364, 763, 761, 761
0, 125366, 763, 761, 761
0, 125367, 763, 761, 761
0, 125369, 763, 761, 761
0, 125371, 763, 760, 760
0, 125373, 763, 761, 761
0, 125375, 765, 761, 761
0, 125376, 763, 761, 761
0, 125378, 762, 761, 761
0, 125380, 763, 761, 761
0, 125382, 762, 761, 761
0, 125384, 763, 761, 761
0, 125386, 763, 761, 761
0, 125387, 764, 758, 758
0, 125389, 764, 760, 760
0, 125391, 762, 761, 761
0, 125393, 763, 761, 761
0, 125395, 762, 761, 761
0, 125397, 764, 761, 761
0, 125398, 763, 762, 762
0, 125400, 763, 762, 762
0, 125402, 763, 762, 762
0, 125404, 762, 761, 761
0, 125406, 764, 761, 761
0, 125407, 763, 760, 760
0, 125409, 763, 761, 761
0, 125411, 763, 761, 761
0, 125413, 762, 761, 761
0, 125415, 762, 761, 761
0, 125417, 763, 761, 761
0, 125418, 764, 760, 760
0, 125420, 763, 761, 761
0, 125422, 763, 767, 767
0, 125424, 762, 761, 761
0, 125426, 762, 762, 762
0, 125427, 763, 760, 760
0, 125429, 763, 760, 760
0, 125431, 763, 761, 761
0, 125433, 763, 761, 761
0, 125435, 763, 761, 761
0, 125437, 763, 760, 760
0, 125438, 763, 760, 760
0, 125440, 762, 760, 760
0, 125442, 763, 761, 761
0, 125444, 763, 761, 761
0, 125446, 763, 761, 761
0, 125447, 763, 761, 761
0, 125449, 763, 763, 763
0, 125451, 763, 761, 761
0, 125453, 763, 756, 756
0, 125455, 763, 761, 761
0, 125457, 763, 761, 761
0, 125458, 763, 761, 761
0, 125460, 763, 761, 761
0, 125462, 763, 760, 760
0, 125464, 763, 763, 763
0, 125466, 763, 761, 761
0, 125467, 759, 761, 761
0, 125469, 763, 762, 762
0, 125471, 763, 760, 760
0, 125473, 763, 762, 762
0, 125475, 763, 762, 762
0, 125477, 763, 761, 761
0, 125478, 762, 761, 761
0, 125480, 762, 761, 761
0, 125482, 763, 761, 761
0, 125484, 762, 761, 761
0, 125486, 763, 761, 761
0, 125488, 762, 760, 760
0, 125489, 762, 761, 761
0, 125491, 763, 762, 762
0, 125493, 762, 761, 761
0, 125495, 763, 761, 761
0, 125497, 762, 760, 760
0, 125498, 763, 760, 760
0, 125500, 763, 759, 759
0, 125502, 763, 761, 761
0, 125504, 763, 761, 761
0, 125506, 763, 761, 761
0, 125508, 762, 761, 761
0, 125509, 763, 761, 761
0, 125511, 763, 762, 762
0, 125513, 762, 760, 760
0, 125515, 763, 760, 760
0, 125517, 762, 761, 761
0, 125518, 763, 761, 761
0, 125520, 763, 761, 761
0, 125522, 762, 761, 761
0, 125524, 762, 761, 761
0, 125526, 762, 762, 762
0, 125528, 762, 761, 761
0, 125529, 763, 760, 760
0, 125531, 763, 760, 760
0, 125533, 763, 761, 761
0, 125535, 763, 761, 761
0, 125537, 763, 761, 761
0, 125538, 763, 761, 761
0, 125540, 762, 761, 761
0, 125542, 763, 761, 761
0, 125544, 762, 760, 760
0, 125546, 763, 760, 760
0, 125548, 762, 761, 761
0, 125549, 762, 760, 760
0, 125551, 762, 760, 760
0, 125553, 762, 761, 761
0, 125555, 762, 761, 761
0, 125557, 763, 761, 761
0, 125558, 762, 761, 761
0, 125560, 762, 760, 760
0, 125562, 762, 761, 761
0, 125564, 763, 761, 761
0, 125566, 763, 761, 761
0, 125568, 763, 760, 760
0, 125569, 763, 761, 761
0, 125571, 763, 763, 763
0, 125573, 763, 761, 761
0, 125575, 763, 760, 760
0, 125577, 763, 761, 761
0, 125579, 763, 761, 761
0, 125580, 763, 761, 761
0, 125582, 763, 761, 761
0, 125584, 763, 760, 760
0, 125586, 763, 760, 760
0, 125588, 763, 761, 761
0, 125589, 762, 761, 761
0, 125591, 763, 759, 759
0, 125593, 763, 761, 761
0, 125595, 762, 755, 755
0, 125597, 763, 760, 760
0, 125599, 763, 761, 761
0, 125600, 763, 761, 761
0, 125602, 762, 761, 761
0, 125604, 763, 761, 761
0, 125606, 763, 760, 760
0, 125608, 763, 761, 761
0, 125609, 763, 760, 760
0, 125611, 762, 761, 761
0, 125613, 763, 761, 761
0, 125615, 762, 762, 762
0, 125617, 763, 762, 762
0, 125619, 763, 761, 761
0, 125620, 762, 761, 761
0, 125622, 763, 761, 761
0, 125624, 763, 761, 761
0, 125626, 762, 762, 762
0, 125628, 763, 757, 757
0, 125629, 763, 763, 763
0, 125631, 763, 761, 761
0, 125633, 763, 760, 760
0, 125635, 763, 761, 761
0, 125637, 763, 761, 761
0, 125639, 763, 761, 761
0, 125640, 763, 758, 758
0, 125642, 763, 761, 761
0, 125644, 763, 761, 761
0, 125646, 762, 761, 761
0, 125648, 762, 761, 761
0, 125649, 763, 761, 761
0, 125651, 763, 761, 761
0, 125653, 763, 763, 763
0, 125655, 763, 766, 766
0, 125657, 763, 762, 762
0, 125659, 762, 761, 761
0, 125660, 763, 760, 760
0, 125662, 763, 762, 762
0, 125664, 762, 761, 761
0, 125666, 764, 761, 761
0, 125668, 762, 761, 761
